content,keyword,label
"연말 연초 극장가가 관객들을 유혹하고 있다. 때가 때인지라 가족영화가 주류지만 극장가엔 다양한 종류의 영화가 걸려 있다.
 이번 주말을 포함해 사흘간 계속되는 연휴. 스크린 속에서나마 지난 1년의 피로를 씻어내고 삶의 새로운 활력을 찾아보면 어떨까. 
 ▶새삼 가족이 그립습니까〓경기침체로 체감 온도마저 급격히 떨어진 올 겨울 가장 든든한 동반..","['한국', '극장가', '리베라', '한국영화', '지구인들', '지구인', '환경오염', '화성', '생활터전', '절대절명', 'jsa', '유전자', '선발대', '브루스', '윌리스', '유머러스', '6번', '인간복제', '방화범', '포복절도', '시간date', '일당들', '소방대원', '해프닝들', '남북분단', '아널드', '사흘간', '대작들', '악당들', '한군', '실력자', '신용금고', '신화시대', '맥도날드', '좌충우돌', '신경전', '슈워제너거', 'sf', '일본영화']",0
"농협 서산지부 7천여만원농협중앙회 서산시지부(지부장 최이섭)는 29일 오전 9시30분 서산시장실에서 한해 동안 고객과 농협이 환경보전형 공익상품인 늘푸른 통장을 통해 조성한 환경기금 6990만원을 서산시에 기탁했다.최 지부장은 인사말에서 ""최근 농약병 및 농업용폐비닐 등에 의한 농촌지역의 환경오염이 심각한 상황""이라며' ""환경기금이 농촌환경보전에도 사용..","['농협', '서산', '환경기금', '지부장', '서산시', '서산시지부', '농업용폐비닐', '용폐', '환경보', '농약병', '농협중앙회', '인사말', '최이섭', '농촌지역', '서산시장실', '7천', '시장실', '환경오염', '환경보전', '원농협중앙회', '2억', '농촌환경보전', '환경은행', '환경', '지부', '기탁', '조성', '지역', '농촌', '기금', '이미지', '보전', '농업', '농약', '공익', '추진', '상품', '비닐', '당부', '사업', '도움', '사용', '통장', '고객', '상황']",1
"댐 방류량 감소 대신 강수량 증가 오염수치 낮아져공주, 부여 등 중 하류는 높아 수질관리 요구11월 중 금강수계 수질오염도가 전년동월 및 10월과 비슷한 양호한 상태로 나타났다.그러나 중 하류지역은 오염도가 높아져 이 지역에서의 철저한 수질 관리가 요구되고 있다.금강환경관리청이 29일 발표한 11월 금강수계 수질오염도에 따르면 상류 대청댐 수질은 B..","['ppm', '오염도', 'bod', '금강수계', '대청댐', '합의문', '수질오염도', '연말연시', '사업장', '강수량', '방류량', '부여', '특별감시활동', '하천유지수량', '미호천', '금강청', '환경오염', '200만', '강수일', '금강', '금강환경관리청', '1억', '청원', '갑천', '전년동월', '하류지역', '하류지점', 'cod']",1
"환경단체 ""오염유발 상황에선 불가""업체 ""지정폐기물 반입은 없었다"" 반박보령시 웅천읍소재 (주)보령화성산업의 일반사업장폐기물 매립장에 대한 지정폐기물 반입여부를 놓고 논란을 빚고 있다.웅천읍 환경대책위원회에 따르면 서울대 환경대학원 부속환경계획연구소가 매립장의 5개소에서 지하 3m간격으로 15m까지 25개의 시료를 채취해 지정폐기물 10개항목을 검사(총..","['매립장', '지정폐기물', '서울대', '웅천읍', '환경단체', '도로변', '시험결과', '보령화성산업', '연구소', '폐기물', '2만', '주차금지', '구리', '위원회', '환경대책위원회', '15m', '용출기준', '유적지', '보령화성산업측', '유해성', '대립양상', '허가여부', '환경오염', '포화상태', '부속환경계획연구소', '사업장', '5개소', '추가회신', '허용기준치', '대학원']",1
"5년을 끌어온 한 미 주둔군 지위협정(SOFA) 개정 협상이 28일 마침내 타결됐다.현행 SOFA는 주한미군이 한국에 대한 일방적 시혜자라는시각에서 만들어진 불평등한 규정들로 인해 한 미간 평등한 동반자관계 정립이라는 시대적 요구와 한참 동떨어졌다는 비판을 받아왔다.
SOFA는 지난 1967년 발효된 뒤 1991년 한차례 개정됐을 뿐이다. 새로개정되는 ..","['미군', 'sofa', '한국', '주한미군', '행사시', '미국', '주둔국', '주둔군', '시혜자', '그동안', '기소시점', '독극물', '피의자', '원상회복', '불평등', '시민단체들', '규정들', '노무조항', '기지촌', '미국측', '예방효과', '한강', '구체화', '진선진미', '근로자', '점들']",0
"인터뷰/제주해양경찰서장 고인규씨""고향인 제주에 다시 돌아와 일하는 만큼 어민 생활보호와 제주해경의 경비력 강화를 위해 최선을 다하겠습니다""29일 부임한 고인규 제주해양경찰서장(51)은 해양주권 확보와 불법조업 단속 등을 통해 어민 생활보호에 중점을 두고 업무를 추진해 나가겠다고 말했다.고 서장은 ""사면이 바다인 제주는 해경의 경비력 강화 제1순위로 우리..","['제주', '성산', '경비력', '제주해양경찰서장', '고인규', '우리나라', '불법조업', '64기', '남제주군', '지역발전', '부임기간', '만큼', '신태분', '환경자원', '영해침범', '영해선', '해군대위', '경비정', '중국어', '환경오염', '제주해경', '제1순위', '고인규씨', '생활보호', '바다자원', '어민생활보호', '1녀', '성산수고', '중점', '서장']",0
"금강환경관리청, 내달 4일까지금강환경관리청은 연말연시 사업장의 휴무 등으로 인한 환경오염사고 발생을 예방하기 위해 30일부터 내년 1월 4일까지 오염물질 배출사업장에 대한 특별 감시활동을 전개한다고 밝혔다.폐수가 많이 발생하거나 유독물을 취급하여 환경오염사고가 일어나기 쉬운 사업장을 대상으로 오염물질 미처리방류, 오염물질 처리시설의 정상가동 여부 등을 ..","['사업장', '오염물질', '환경오염사고', '환경오염', '사후관리', '까지금강환경', '조업정지', '양승갑', '관리청', '까지금강환경관리청', '금강환경관리청', '불법배출', '위반행위', '연말연시', '유독물', '미처리', '고발조치', 'yangsk', '감시', '발생', '오염', '물질', '여부', '고발', '위반', '내년', '계획', '내달', '처분', '행정', '특별', '배출', '사고', '별도', '조업', '재발']",1
"주유중 엔진정지 생활화 필요근간 도로상에 날로 늘어나는 업종이 주유취급소와 가스충전소라 본다. 1천여만대의 차량홍수 속에서 인기있는 업소도 또한 이 두업종이라 보는데 이업소에 너무나 등한시 되는 주유중 엔진정지에 대하여 알아보고자 한다. 어느 주유취급소(주유소)든간에 아주 잘보이는 곳에 ""주유중 엔진정지""와 ""화기엄금""이란 경고표지가 잘붙어 있다. 그런..","['주유중', '생활화', '주유취급소', '종업원', '취급소', '삼척소방서', '가계비', '폭팔', '흡연자', '충전소', '건원', '1천', '이경고표지', '독일', '폭팔사고', '경고표지', '벌금고지서', '스위스', '공회전', '중요성', '차량홍수', '운전자', '이경고', '가스충전소', '환경오염', '안전의식', '안전수칙', '화기엄금', '명문화', '엔진마모', '화제예방', '고지서', '소비자', '도로상', '화재예방', '이업소', '주유소', '소방법', '시간date']",0
"연말연시를 장식하는 영화는 한해를 보내고 새해를 맞는 마음처럼 '미래에 대한 두려움'을 담은 영화와 그래도 가정이라는 기초의 소중함을 일깨우는 가족영화가 주류를 이룬다. 영화 한편으로 새해를 설계해보는 것도 또다른 지혜다.
성공가도 한 남자의 색다른 경험
■패밀리 맨=브렛 래트너 감독, 니컬러스 케이지 티아 레오니 주연.
눈이 내리는 크리스마스 이브, ..","['화성', '관람가', '거신병', '바람계곡', '오광투자금융', '나우시카', '사현', '조종사', '페지테', '연말연시', '오토상', '토르메키아', '하야오', '영화제', '우주선', '궁여지책', '식민지', '마이니치', '비행선', '사람들', '일본', '모스', '완전범죄', '에니데이션']",0
"노인 마을회관 준공
청양군 비봉면 관산리 노인 회관과 남양면 봉양2리 마을 회관 준공식이 29일 오전 鄭元永 군수와 기관 단체장, 주민등이 참석한 가운데 현지에서 있었다. [靑陽]
국무총리 표창 수상
대한불교청소년 교화연합회 보령시지부(지부장 박찬이)가 올해 청소년보호업무 유공 단체으로 선정돼 국무총리 표창을 수상했다.
보령시청소년 유해환경감시단을 겸하..","['오염물질', '사업장', '환경오염', '대한불교청소년', '남양면', '국무총리', '연말연시', '환경오염사고', '청양군', '금강', '주민등', '단체장', '보령시', '연합회', '지부장', '보령시청', '鄭元永', '중점감시', '휴무등', '박찬이', '靑陽', '보령시지부', '비봉면', '프로그램개발', '고발조치', '관산리', '청소년선', '유해환경', '특별감시대상', '탈선예방', '保寧', '유독물']",1
"웅천 환경대책위 오염유발 반대
보령시 웅천읍 소재 (주)보령화성산업 일반사업장폐기물 매립장에 대한 지정폐기물 반입여부를 놓고 논란을 빚고 있다.
웅천읍 환경대책위원회에 따르면 서울대 환경대학원 부속 환경계획 연구소가 매립장에서 5개소에 대해 지하 3m간격으로 15m까지 25개의 시료를 채취해 지정 폐기물 10개 항목을 검사(총 2백50개 시료)한 결과 ..","['지정폐기물', '매립장', '서울대', '폐기물', '연구소', '웅천읍', '구리', '보령시', '웅천', '시험결과', '위원회', '업체측', '환경대책위원회', '保寧閔泳似', '15m', '유해성', '허용기준치', '용출기준', '환경오염', '2백', '보령화성산업', '환경단체', '추가회신', '5개소', '대책위', '추가질의', '사업장', '대학원', '분석결과']",1
오염배출업소 단속 금강환경관리청은 연말 휴무 등을 통해 발생할 수 있는 환경오염사고예방을 위해 30일부터 다음달 4일까지를 오염물질 배출사업장 특별감시 활동기간으로 정하고 집중단속을 벌이기로 했다. 금강환경청은 이 기간 유독물을 취급해 환경사고가 일어나기 쉬운 사업장을 대상으로 오염물질 미처리 방류 등을 중점 감시할 계획이다.,"['사업장', '금강환경관리청', '환경오염사고예방', '환경사고', '관리청', '유독물', '환경오염', '집중단속', '금강환경', '금강환경청', '단속', '오염', '감시', '기간', '사고', '배출', '물질', '방류', '휴무', '발생', '연말', '취급', '환경', '예방', '활동', '중점', '특별', '집중', '대상', '업소', '계획']",1
"[웅천매립장]지정폐기물 반입 논란시료채취 검사결과 허용치이상 구리 검출대책위, 환경오염유발 추가조성 주민반대【保寧】보령시 웅천읍 (주)보령 화성산업 일반사업장 폐기물 매립장에 대한 지정폐기물 반입여부를 놓고 논란을 빚고 있다. 웅천읍 환경대책위원회에 따르면 서울대 환경대학원 부속환경계획연구소가 매립장에서 5개소에 대해 지하 3m 간격으로 15m까지 25..","['지정폐기물', '매립장', '서울대', '구리', '웅천읍', '폐기물', '시험결과', '화성산업', '연구소', '2만', '주민반대', '환경오염', '위원회', '환경대책위원회', '환경단체', '柳海俊', '보령화성산업측', '15m', '대립양상', '유해성', '保寧', '부속환경계획연구소']",1
"강원 中企대상 선정 현대특수사료 환경부장관 표창 수상【江陵】올해 강원도민일보와 강원도가 공동주최한 제 4회 강원중소기업 대상 시상식에서 영예의 대상을 수상한 강릉 현대특수사료(주)가 중소기업 대상 수상을 계기로 연말 환경부장관 표창 수상 업체로 다시 선정됐다. 환경부는 29일 현대특수사료가 고성에서 영덕까지 동해안에서 발생하는 수산폐기물을 재활용, 환경..","['현대특수사료', '강릉시', '환경부', '동해안', '중소기업', '수산폐기물', '沈起燮', '시상식', '강원', '수산물', '모전리', '현대', '악취제거', '공동주최', '강원도', '920만', '일거양득', '崔東烈', '강원도민일보', '용어분', '환경오염', '재활용', '崔泳俊', '양식용어분', '漁紛', '영덕', '江陵']",1
"경기침체 및 주식시장 붕괴,수익모델 부재 등으로 기술 기반 없는 닷컴 기업들이 혹독한 겨울을 나고 있는 가운데 든든한 기술력을 바탕으로 해외시장 공략에 박차를 가하고 있는 알짜 벤처기업이 늘고 있다 29일 업계에 따르면 휴맥스 세인전자 등 탄탄한 기술력을 자랑하는 벤처기업과 바이오 및 환경벤처들은 일찌감치 해외로 눈을 돌려 성과를 거두고 있다 
가정용 ..","['미국', '세인전자', '벤처기업', '중국', '수입상', '셋톱박스', '유럽', '연구소', '휴맥스', '아시아', '사료첨가제', '에코솔루션', '실리콘밸리', '환경오염', '1억', 'fda', '박정주']",1
"모유 다이옥신 검출에 대한 성명서 발표 및 시민캠페인생활양식 변화에 따른 유해환경 증가 피해에 대한 강의
유해물질 적정처리방안 시민 설문조사
아토피를 부르는 위험한 먹거리 국제토론회
두물머리 농장 방문
주소:서울 종로구 가회동 177의10
전화(02)743-4747
----------------------------------..","['서울', '다지모', '아이들', '토론회', '사무실', '우리와다음', '최숙경', '엄혜윤', '책임연구원', '한면희', '서강대', '두물머리', '성명서', '일상생활', '환경오염', '엄마들', '허수경', '김지연씨', '김석정', '김미란', '김지연', '김현숙', '위원장', '사진작가', '정화영']",1
"2001년을 앞두고 종교지도자들은 새로운 한해에 마음의 지표로 삼을 신년사를 발표했다. 다음은 신년사 요지.△정대 대한불교조계종 총무원장=새해에는 민족공동체를 복원하고자 했던 원대한 초심을 다시 살펴 우리의 역사와 삶에서 영원불멸의 이정표가 되게 하자. 뱀이 허물을 벗듯이 지역과 당파,탐욕을 벗어나 민족공동체의 새 역사를 창조해 나아가야 한다. 우선은 ..","['신년사', '총무원장', '남북통일', '공동체', '황선조', '하나님', '불교', '정대', '종교지도자들', '외국인', '원불교', '좌산', '김경식', '교구장', '한국기독교교회협의회', '정진석', '송종연', '각해', '민족공동체', '지도자', '종도사', '동방예의지국', '우리나라', '불행들', '피지배자', '길잡이', '21세기', '이정표', '지배자']",0
"▼송년특집 10대 가수 청백전 
10대 가수 수상자 김현정 박지윤 엄정화 유승준 이정현 'god'등과 신인상을 받은 '플라이 투 더 스카이' '샤크라'가 출연한다. 이들은 만화영화 주제곡 전주듣고 노래 알아맞히기, 개인기 대결, 감옥 스피드 퀴즈, 기차 깡통 쌓기 등의 대결을 펼친다. 
 
▼2000 MBC 연기대상 
신동호 아나운서와 탤런트 황수정의 ..","['god', 'ng', '신인상', '맹구', '주제곡', '개그맨', '청백전', '황수정', '환경오염', '박지윤', '명장면', '개인기', '지구촌', '이의정', '유오성', '류시원', '박시은', '아이들', '김명민', '이병진', '이정현', '심현섭', '빅스타', 'sbs']",0
"‘미군은 한국의 환경 법령을 존중한다.’ 한미주둔군지위협정(SOFA) 합의의사록에 삽입키로 한 환경조항이다. 두 나라는 또 공동 환경조사 실시, 환경관리 실적 평가 등의 내용을 담은 ‘특별 양해각서’도 곧 체결키로 했다. 
 정식 서명 절차를 남겨 두고 있지만 내용은 100% 확정됐다고 볼 수 있다. 세세한 자구(字句) 수정 여지도 별로 남아 있지 않다..","['환경오염', '미군', '독일', '미국', '위원회', '주한미군', '의사록', '환경조항', '한국', '경희대', '합의의사록', 'sofa', '피해자', '金明子', '김명자', '환경부장관', '타결점', '환경부', '字句', '영향력', '주둔군', '통보절차', '한미']",1
"한미주둔군지위협정(SOFA) 개정협상의 우리측 수석대표인 송민순(宋旻淳 사진)외교통상부 북미국장은 29일 SOFA개정에 대해 “내 스스로 납득할 수 없었다면 결코 (합의문에) 서명하지 않았을 것”이라고 잘라 말했다. 
 그는 ‘조기타결’이라는 정치적 목적 때문에 미측과 적당히 타협한 부분이 있지 않느냐는 질문에 “그런 식으로 협상했다면 이미 오래 전에 ..","['sofa', '송민순', '북미', '송국장', '개정협상', '만큼', '수석대표', '폴란드', '우스갯소리', '주둔군', '실효성', '한미', '커널', '환경오염', '조기타결', '합의문', '배상규정', '예인', '한미주둔군지위협정', '환경관리', '미측', '환경오염사고', '시민단체', '환경조항', '북미국', '북미국장', '宋旻淳', '외교부', '외교통상부', '북미과장', '미군', '통상부', '항공모함', '부북', '심의관', '주무과장']",0
"버려진 개와 고양이 등 동물 500여마리를 모아 키우는 경기 포천군 신북면 ‘애신의 집(운영자 이애신 65)’이 강원 철원지역으로 이전하는 문제를 놓고 논란이 일고 있다. 
 문제의 발단은 애신의 집측이 최근 철원군 근남면 잠곡2리 1만여평 부지에 개사육장 등을 조성하기 위해 농지 1000여평을 불법 전용한 사실이 밝혀지면서부터. 
 지난 23일 철원군..","['철원군', '애신', '강원', '근남면', '철원', '주민들', '사육장', '환경오염', '개사육장', '부동산', '네티즌들', '잠곡', '이애신', '청정지역', '포천군', '고양이들', '운영자', '원상회복', '신북면', '홈페이지', '마리', '집측', '동물', '지역', '주민', '고양이', '농지', '가지', '연일', '일대', '경기', '난항']",0
"대구시민들의 식수원인 대구 달성군 매곡취수장과 강정취수장 인근에 대규모 공단 조성이 추진되자 식수오염 가능성을 둘러싼 논란이 일고 있다. 
경북도와 칠곡군은 낙동강변인 칠곡군 왜관읍 낙산리와 금산리 일대 23여만평에 2004년까지 섬유 기계 금속 분야 제조업종을 중심으로 ‘왜관 제2지방공단’을 건설키로 하고 지구 지정을 할 계획이다. 
경북도는 공단 조..","['낙동강', '대구', '왜관', '칠곡군', '공단조성', '경북도', '식수원', '취수장', '류승원', '영남자연생태보호회', '매곡', '강정취수장', '환경오염', '금산리', '보호회', '영남', '왜관읍', '달성군', '대구지방환경관리청', '사전환경영향평가', '악성폐수', '오염도', '수질오염', '지하수', '사전환경']",1
"자취를 하다 보니 환경에 관심이 많아져 여기에 관련된 기사가 나오면 유심히 읽는다.
 환경친화 기업을 내용으로 한 27일자 33면 '틴틴 경제-틴틴 돋보기' 기사를 관심있게 읽었다.
 
 기사내용 중 '우유 한봉지를 버릴 때 그것을 희석시키기 위해서 물 1만5천배가 필요하다' 는 내용은 있었지만 우유를 어떻게 버려야 환경오염을 줄일 수 있는지에..","['환경오염', '분리수거', '틴틴', '쓰레기들', '영등포구', '서울', '독자들', '실천가능', '환경정보들', '김종미', '자원절약', '기사내용', '여의도동', '기사', '환경', '구체', '자원', '기업', '우유', '쓰레기', '경제', '구체적', '방법', '관심', '가능', '방안', '독자', '아이디어', '실천', '제시', '반영', '언론', '신문', '이벤트', '지면', '부족', '상황', '방지', '일상', '희석', '봉지', '언급', '할애']",1
"한.미 주둔군 지위협정(SOFA) 개정협상이 28일 타결됨에 따라 형사재판권을 비롯해 그간 양국간 쟁점이 돼온 사항 가운데 일부 내용에 상당한 개선될 전망이다.
 
 이번 개정협상을 통해 달라진 내용은 다음과 같다.
 
 ◇ 형사재판 관할권=미군 피의자 신병인도 시기와 관련, 현행 협정은 확정판결 후 신병을 인도하게 돼 있으나 앞으로는 살인.강간..","['미군', '그간', '한국인', '환경조항', '특별양해각서', '피의자', '근로자', '군사상', '노동법', '개정협상', 'sofa', '독일', '주둔군', '폭행치사', '음주운전', '진일보', '냉각기간', '합동위원회', '이철희', '현실가능', '쟁의돌입', '마약거래', '對物', '공동선언', '교통사고', '위원회', '주한미군부대', '독점적', '노무자', '세부절차']",0
"겨울 들어 최고 한파 기록
전북일보로 읽는
30년전 그때
겨울철의 매서운 한파가 서민들에게 ?꼭? 고비이자 애환이었던 것은 예나 지금이나 마찬가지였다.1970년12월29일자 본보는‘몰아친 한판.올들어 최고 영하 10도’라는 제목의 날씨기사를 사회면 톱기사로 실었다.신문은“크리스마스 이브부터 쌀쌀해진 날씨는 제야를 사흘앞둔 28일 아침 전주지방 최저 영..","['측후소', '환경오염', '환경오염문제', '온난화', '남동족', '고기압', '확량', '밀리바', '우리나라', '톱기사', '야가', '1천', '사회면', '몽고지방', '몽고', '전주', '이브', '영하9도', '전주측후소', '서민들', '날씨기사', '전북일보', '겨울철', '수은주', '취위', '10도', '날씨', '한파', '최고', '영하', '지방', '최저', '기록', '겨울', '온난', '지구', '요즘', '애환', '얼음', '고비', '일자', '신문', '전역']",1
"한.미 주둔군지위협정(SOFA) 개정협상이 5년여만에 마침내 타결됐다. 형사재판권, 환경, 노무, 검역, 시설.구역, 민사소송절차 등 광범위한 분야에 걸쳐 타결된 내용은 외형상 미.일, 미.독 협정에 비견될 만하다. 국민적 여망과 한.미 양국 정상의 타결의지 등이 모아진 결과로 상당한 의미를 갖는 것으로 평가한다.무엇보다 그동안 한.미간에 핵심 쟁점이 ..","['미군', '변호사', 'sofa', '흉악범', '한국인', '민사소송절차', '환경조항', '한강', '독극물', '책임자', '구속력', '관심사', '피의자', '노동자들', '재협상', '일본', '미비점', '특별양해각서', '상호방위조약', '독일']",0
한.미 주둔군지위협정(SOFA)이 우여곡절 끝에 28일 타결됐다. 1995년 11월 미군의 충무로 지하철역 난동사건으로 협상이 재개된 지 5년만의 일이다.이번 협상타결은 한.미 양국이 한발짝씩 양보한 결과다. 무엇보다 클린턴 대통령 임기 내에 타결됨으로써 부시 행정부 출범을 앞두고 새로운 한.미 동맹관계 조성의 입지가 마련된 것으로 평가된다. 시혜적 성..,"['미군', 'sofa', '미국', '수석대표', '환경조항', '한국', '동맹관계', '피의자', '구속력', '스미스', '특별양해각서', '미국측', '송민순', '환경오염', '미군측', '동반자관계', '국방부', '존중의무', '교통사고', '공공안전', '강진구']",0
"*'가지 않은 길'로 갔더라면 내 삶은?●패밀리 맨
'단풍 든 숲 속에 두 갈래 길이 있었지요/ 한 몸으로 두 길을 다 가볼 수 없어/ 나는 서운한 마음으로 오래 서서/ 잣나무 숲 속으로 접어든 한 길을/ 끝간 데까지 바라보았지요 '
미국의 계관시인 로버트 리 프로스트(1876 1963)의 시 '가지 않은 길'의 첫 구절이다. 30일 개봉되는 '패밀리 ..","['케이트', '매트릭스', '화성', '탐사대', '캐리', '로버트', '잣나무', '에이미', '프로스트', '미국', '박스오피스', '찰리', '식료품', '호프만', '니콜라스', '배장수', '레오니', '안토니', '케이지', '티아', '사람들', '버드와이저', '영수증', '폐기처분', '옛사랑', '성룡', '경제적', '흥행수입', '문전박대']",0
"제주시는 28일 환경오염물질을 불법 배출한 사업장을 무더기 적발하고 일부 사업장은 검찰에 고발조치하는 등 환경사범 척결에 강력 대응하고 있다.
시는 이달 1일부터 환경오염물질 배출사업장을 대상으로 단속을 벌여 허가받지 않고 모래세척시설을 설치해 운영한 H산업 등 무신고 폐수배출시설 3개소를 적발하고 사용중지처분과 함께 사법당국에 고발했다.
이번에 적발된..","['사업장', '세차시설', '환경오염', '고발조치', '모래세척시설', '6개소', '사용중', '폐기물', '조치이행명령', '사법당국', '소음배출시설', '제주시', '배출방지시설', '사용중지처분', 'g세차장', 'h산업', 'j사업장', 's관광', '배출', '시설', '적발', '처리', '사용', '처분', '조업', '척결', '조치', '신고', '고발', '무더기', '이달', '설치', '세차', '물질', '오염', '상사']",1
"한 미 양국이 28일 가조인한 주한미군 지위협정(SOFA)의 환경 관련 조항들에 대해 국내 환경단체들은 실효성이 떨어진다는 반응을 보였다.
녹색연합은 성명을 통해 ""SOFA 합의 의사록과 양해 각서 어느 구석에도 미군측의 환경관련 범죄행위자 처벌이나 원상복구 의무 등의 명시 조항을 발견할 수 없다""며 ""관련 조항이 신설되기는 했지만 결국 국민을 기만하는..","['미군', 'sofa', '가조인', '환경오염', '사탕발림', '녹색연합', '행위자', '실효성', '미군측', '환경운동연합', '의사록', '조항들', '한마디', '환경', '조항', '의무', '외부', '개악', '비판', '개정', '합의', '처벌', '단체', '기만', '국민', '반응', '실효', '각서', '결국', '구석', '비난', '일례', '정부']",1
(서울=연합) 한.미 주둔군지위협정(SOFA) 환경조항 및 특별양해각서의 이행을 위한 세부절차에 관한 논의가 내년 1월 말 개최될 예정인 SOFA 합동위원회 산하 환경분과위원회 회의에서 본격 시작된다.환경부는 SOFA 환경조항이 신설된 만큼 이를 뒷받침할 세부절차에 관한 논의가 곧바로 이어져야 한다면서 내년도 첫 회의부터 미측과 협상을 벌여나갈 계획이라..,"['환경부', '미군', 'sofa', '특별양해각서', '위원회', '미측', '환경조항', '환경오염', '세부절차', '주둔군', '영향력', '주둔군지위협정', '만큼', '뒷받침', '세부사항', '방안들', '개괄적', '협상방향', '통보절차등', '서울', '관계자', '내년도', '논의', '회의', '절차', '이행', '환경', '내년', '예정', '협상', '통보', '방안', '산하', '조항', '계획', '각서']",1
한.미 주둔군지위협정(SOFA) 환경조항 및 특별양해각서의 이행을 위한 세부절차에 관한 논의가 내년 1월 말 개최될 예정인 SOFA 합동위원회 산하 환경분과위원회 회의에서 본격 시작된다.환경부는 SOFA 환경조항이 신설된 만큼 이를 뒷받침할 세부절차에 관한 논의가곧바로 이어져야 한다면서 내년도 첫 회의부터 미측과 협상을 벌여나갈 계획이라고29일 밝혔다...,"['환경부', '미군', 'sofa', '특별양해각서', '세부절차', '위원회', '미측', '환경조항', '환경오염', '영향력', '주둔군', '만큼', '세부사항', '방안들', '해당지방자치단체', '협상방향', '개괄적', '뒷받침', '통보절차등', '주둔군지위협정', '내년도', '논의가', '관계자', '회의', '절차', '논의', '이행', '환경', '내년', '예정', '계획', '협상', '방안', '통보', '산하', '조항']",1
"= 한방약젱에 '게르마늄산' 등 혼합 =<김백남>난치성 질환인피피부염의 증상을 개선할 수 있는 새로운 한방 치료법이 선보였다.뉴코아한의원 양성완 원장은 게르마늄_맥반석산과 생지황 황금 치자 황 백 등의 추출물질, 알로에 등을 혼합한 아토피 피부염 치료물질을 먹는 약과 바르는 외용제, 먹욕제품으로 개발했다.
이 치료제는 유해물질 및 중금속 분해작용이 뛰어..","['피부염', '환경오염', '과산화지질', '중금속', '치료방법', '맥반석산', '뉴코아한의원', '양성완', '외용제', '수면부족', '치료제', '질환인피피부염', '먹욕', '면역기능', '난치성', '유해물질', '보습능력', '활성산소', '추출물질', '허증', '먹욕제품', '산화물', '생지황', '해독탕', '아토피피부염', '김백남', '알데하이드기', '인피', '약젱', '게르마늄산', '한방약젱', '한방약재', '흡착능력', '목욕법', '내복약', '혈열', '방연고', '가미보증익기탕', '치료법']",1
"금년초 모유(母乳)에서 암을 유발하는 내분비계 장애물질인 다이옥신이 검출되었다는 보도가 있었다. 그런가 하면, 아기 장난감에서도 그런 부류의 추정물질이 검출되었다는 뉴스가 잇따르고 있다. 흔히 환경호르몬이라고 알려진 이들 물질은 우리의 식탁을 비롯해서 물공기 등 도처에 널려 있는 형편이고, 오늘날의 기기분석법은 놀랍게 발전돼서 수백억분의 하나 정도의 극..","['환경호르몬', '화학물질', '오염물질', '내분비계', '미국', '일본', '자연계', '내분비', '중장기연구사업계획', '일상생활', '잔류실태', '비스', '문제해결', '삼위일체', '생물체', '국가중', '분석법', '경작지', '1위', '생물학', '장난감', '면역체계', '폐기물', '淨化', '수질오염', '광범위']",1
"오랜 산고 끝에 한미주둔군지위협정(SOFA) 개정협상이 28일 타결됐다. 형사재판권, 환경, 노무, 검역. 시설 구역 등 광범위한 분야에 걸쳐 타결된 내용은 다소 미흡하지만 나름대로 성과를 거둔 것으로 평가된다. 1967년 협정이 발효되어 91년 1차 개정이 이루어진 뒤 9년만의 일이다.그 동안 SOFA는 일방적으로 미국 측 이익만 보장하고 있어 한미간..","['미군', 'sofa', '미국', '학생들', '한미', '피의자', '부실사학', '손해배상', '등록금', '광주', '환경오염', '설립자', '광주지법', '한려대학교', '불법행위', '주한미군', '교육부', '관심사', '학교법']",1
"한 미 양국이 28일 합의한 한-미 주둔군지위협정(SOFA)의 개정안 이 미군기지 임대기한 및 임대료, 환경오염 원상회복 문제 등에서는 전혀 진전이 없어 그동안의 쟁점 개 선에는 크게 미흡하다는 평가다. 이와 함께 미군범죄 신병인도 시 기를 기소시점으로 앞당겼지만 신 병인도 대상범죄를 12개로 제한한 것은 범죄유형에 관계없이 무조건 기소와 동시에 신병 ..","['미군', 'sofa', '환경오염', '원상회복', '미군부', '환경오', '사탕발림', '매향리', '학산', '인천', '독극물', '한강', '범죄행', '용두사미', '용두사미격', '병인', '협상결과', '대상범죄', '실효성', '캠프워커']",1
서기 2025년 최첨단 미래사회가 배경인 SF물. 발 킬머가 화성탐사를 떠난 주인공으로 등장한다.더 이상 지구가 인류에게 낙원이 아닌 시절이 도래한다. 자원은 고갈되고 공해와환경오염이 심각해져 이제 인류는 다른 행성으로의 이주를 꿈꾼다.화성 식민지화 프로젝트에 착수한 국제연합은 최정예 과학자들을 화성으로 보낸다. 조종사겸 지휘관인 케이트 바우만(캐리 앤..,"['화성', '킬머', '갤러거', '지휘관', '케이트', '우주여행', '액션장면', '박진감', '관념적', '기상이변', '탐사대원들', '무게중심', '탐사대원', '모스', '마스1호', '국제연합', '캐리', '셔틀은화성', '고립감', '오락영화', '탐사선', 'sf', '마스', '생명체들', '바우만', '환경오염', '인간들', '대원들', '대원', '식민지', '과학자', '생명체', '화성탐사', 'sf영화', '새영화', '조종사', '등장', '본선']",0
"속보=음성군 맹동면 인곡리 주민 및 꽃동네가족 2백50여 명은 28일 인곡리 등 인근 지역의 주거지와 농토를 잠식하는 태화광업 등 3개 광산업의 광업권을 취소해 줄 것을 산자부와 충북도 음성군에 요구하며 시위를 벌였다.(본보 지난 10월 29일자 보도)이날 주민들은 금왕읍 삼봉리 태화광업(주)태극광산 앞에서 태화광업 태극광산, 군자광산, 유일광산 등 3..","['꽃동네', '인곡리', '광업권', '주민들', '태화광업', '생존권', '음성군', '태극광산', '광업법', '맹동면', '꽃동네가족', '군자광산', '충북도', '삼봉리', '광산업', '금왕읍', '지역주민들', '마구잡이', '개발행위', '현지사정', '탁상행정', '지반붕괴', '그동안']",0
"새해연휴 극장가로 나들이 갈까
애니메이션 멜로 SF물 다양
올 신정연휴 극장가는 화려하다. 이맘때면 으레 할리우드의 액션물이나 디즈니의 판에 박힌 애니메이션으로 채워졌었다.
그러나 어린이들의 마스코트로 자리잡은 일본의 '포켓몬스터'의 극장판 애니메이션에서부터 어른들의 호기심까지 잔뜩 자극하는 영국 점토 애니메이션'치킨 런', 프랑스 애니메이션 '키리쿠와..","['켐벨', '아프리카', '지니', '알란', '극장가', '독가스', '일본', '과학자', '오광', '케이지', '화성', '피카츄', '포켓몬스터', '6번', '바람계곡', '로저', '디즈니', '인류멸망', '원주민', '미야자키', '프랑스', '키리쿠', '포켓몬', '시즈모어', '아놀드']",0
"SOFA 개정협상 타결
美軍 피의자 신병인도시점 대폭 앞당겨
환경오염방지 명문화 양해각서 곧 체결
살인, 강간 등 중대 범죄를 저지른 미군 피의자의 신병인도 시점이 기소시점으로 대폭 앞당겨지며 미군의 한국 환경법령 존중 원칙이 신설되는 등 주한미군지위협정(SOFA)이 대폭 개정된다. 한미 양국은 28일 중앙청사에서 宋旻淳 외교통상부 북미국장과 미 국방..","['미군', 'sofa', '피의자', '宋旻淳', '부차관보', '양해각서', '한국', '프레데릭', '스미스', '환경법령', '기소시점', '美軍', '개정안', '북미', '통상부', '주한미군지위협정', '북미국장', '마약생산', '환경오염', '마약거래', '상해', '흉악범']",1
인구 260만의 해양도시 인천. 오는 3월 인천국제공항 개항으로 하늘과 바다를 잇는 동북아 관광과 물류의 전초기지로 발돋움하려는 인천시의 미래전망은 장밋빛이지만 정작 국내외 관광객을 끌어 들이고 이를 상품화할 수 있는 문화축제는 변변치 않은게 현실이다. 때문에 지역의 역사성과 특수성을 잘 반영한 문화상품을 개발 및 창조해 내고 이를 관광자원으로까지 활용..,"['인천', '문화축제', '지자체', '축제문화', '정작', '수년', '인천시', '남동구', '중구', '계양구', '문화상품', '옹진군', '2회', '인천국제공항', '부평', '관광루트', '수봉공원', '남구', '5회', '4회', '관광자원', '강화군', '강화도', '활성화', '명성']",0
"일본 애니메이션의 거장을 꼽을 때 언제나 첫 손가락에 꼽히는 감독은 미야자키 하야오다. 미야자키 하야오는 일본 만화의 모든 것을 만들어낸 데츠카 오사무가 '만화의 신'으로 불리는 것에 견주어, '일본 애니메이션의 아버지'라고도 불린다. 30일 개봉되는 '바람계곡의 나우시카'를 비롯하여 '천공의 성 라퓨타' '이웃의 토토로' 등 미야자키 하야오의 작품은 ..","['나우시카', '미야자키', '일본', '토르메키아', '바람계곡', '하야오', '부해', '판타지', '원령공주', '사회주의', '영웅담', '민족분쟁', '구세주', '순환논리', '페지타', '거신병', '철학자', '붓놀림', '라퓨타', '흥행기록', '예수', '비행선', '공동체', '디즈니', '토토로', '예술품', '데츠카', '환경오염', '균류', '10여', '국민감독', '영화프리뷰']",0
"미래에 환경오염으로 지구는 산소가 부족해지기에 이른다. 인간들은 옮겨가 살 곳으로 화성을 염두에 두고, 그곳에 산소를 만들기 위해 무인우주선을 보내 이끼를 심는다. 수십년 뒤 결과를 살펴보기 위해 처음으로 유인우주선을 화성에 보낸다. 그러나 강한 태양풍을 만나 장비가 훼손되고, 화성에는 기괴한 생물체가 번식해 있고, 데려갔던 탐사로봇이 반란을 일으킨다...","['화성', '우주선', '캐리', '모스', '유인우주선', '특수효과', '임범', '후반부', '만큼', '우주공간', '탐사로봇', '설득력', '호기심', '인간들', '앤서니', '호프먼', '데뷔작', '킬머', '무인우주선', '환경오염', '생물체', '태양풍', '출신', '감독', '산소', '지구', '지식', '출연', '결과', '레드', '얘기', '귀환', '난관', '반란', '특수', '로봇', '효과', '빈약', '재현', '탐사', '자극', '동원', '서바이벌']",1
"이정빈 외교통상부 장관은 최근 ""이번 개정안이 일본.독일 소파에 뒤지지 않을 것""이라고 말했다. 형사재판관할권은 일본이, 환경조항은 독일이 가장 선진적인 것으로 평가받고 있다. 이번 개정안은 각 분야에서 최선의 수준을 확보하지는 못했지만, 다른 한 나라보다는 높은 수준의 절충을 모색했다.미군 피의자 신병인도 시점은 대표적인 사례라고 할 수 있다. 일본은..","['독일', '일본', '미군', '개정안', '피의자', '이정빈', '재판권', '부속문서', '환경조항', '미국', '양해각서', '의사록', '제한규정', '환경오염', '합의의사록', '공동선언', '중요성', '환경보호', '통상부', '선진적', '한국']",1
6년째 끌어온 한-미 주둔군지위협정(소파) 개정협상이 28일 중요 범죄를 저지른 미군 피의자의 신병 인도 시기를 기소시점으로 앞당기고 환경조항을 신설하는 등 대폭 개정에 합의해 전격 타결됐다. 한국과 미국은 이날 오전 정부중앙청사에서 송민순 외교통상부 북미국장과 프레드릭 스미스 미 국방부 아태담당 부차관보가 각각 수석대표로 참석한 가운데 소파 개정안 조..,"['미군', '한국', '한국인', '시설물', '개정안', '환경조항', '부차관보', '오염원', '송민순', '미국', '행위자', '개정협상', '환경보호', '노동법', '스미스', '프레드릭', '노동자', '통상부', '합의의사록']",1
"과잉 난방이 된 실내에서 반소매 옷을 입는 외환위기 이전의 겨울 풍경은 이제 잊자. 난방비가 오르고 불황이 찾아오면서 잊혀졌던 내의가 돌아오고 있다. 지난해에 이어 올해에도 환경.시민단체들이 내의입기운동을 벌이고 있다.쌍방울 홍보실의 박현주 대리는 ""알뜰해진 살림과 건강을 생각한 기능성 제품들에 대한 호응으로 올겨울 내의 매출이 지난해보다 15% 정도 ..","['쌍방울', '난방비', '섬유인', '9푼', '트라이', '5만', '우리나라', '반소매', '비비안', '모달', '제품들', '홈페이지', '할인쿠폰', '혈액순환', '여성들', '아랫부분', '내의입기운동', '합성섬유', '방습효과', '열전도율', '내의입기', '보령', '박현주', '시민단체들', '관절부분', '원적외선', '외환위기', '실내온도', '열전도', '텐셀', '8000억', '셀룰로오스', '충남', '5도']",1
서기 2025년 지구와 인류는 자원고갈과 환경오염으로 인해 멸망의 위기에 처한다. 국제연합은 화성 식민지화 프로젝트의 일환으로 지구의 이끼를 화성에 이식하는 계획을 추진한다. 30년동안 화성에서 성공적으로 자라고 있던 이끼가 갑자기 사라져버리고 산소량도 뚝 떨어지게 되자 함장 바우먼(캐리 앤 모스)과 탐사대원들이 원인을 캐기 위해 화성탐사에 나선다.30..,"['화성', '탐사대원', '캐리', '우주선', '오딧세이', '바우먼', '갤러거', '탐사대원들', '모스', '아서', '클라크', '플레닛', '호프먼', '환경오염', '매트릭스', '스타대열', '앤서니', '살인로봇', '자원고갈', '바퀴모양', '특수효과기술', '오마주', '국제연합', '킬머', '기체이상', '정상화', '철학성', '만큼', '곤충떼', '감정묘사', '동작']",1
"이번 주한미군지위협정(SOFA)개정협상은 형사재판관할권을 비롯해 환경조항신설과 노무,검역 등 전반적인 부분에서 우리측 의사가 상당히 많이 반영된 것으로 평가되고 있다 특히 대표적인 불평등 조항이었던 형사재판관할권의 경우 살인,강간 등 12개 중범죄에 대해 신병인도시기를 기소시로 앞당겨 일본 SOFA와 같은 수준으로 개정했으며 환경조항의 경우 독일 SOF..","['미군', 'sofa', '독일', '형사재판관할권', '근로자', '피의자', '환경오염', '교통사고', '한국', '환경조항', '특별양해각서', '중범죄', '합의의사록', '일본', '의사록', '행정부', '군대임무변경', '병력감축', '부시', '원상회복의무', '공동조사', '2만', '미국측', '민사소송절차', '1차', '비상사태', '원상회복', '불입건', '근로자들', '미국', '불균형', '고용안정', '구금시설', '부담금', '미사용공여지', '반환문제']",1
"한 미 양국이 28일 주둔군지위협정(SOFA) 개정에 전격 합의한 것은 지난 91년 첫 개정 이후 변화된 양국관계의 현실을 반영했다는 데 의미가 크다.
특히 91년 개정된 SOFA가 독일과 일본 수준에 미치지 못한다는 지적을 받아왔으나 이번 개정으로 한국은 선진국 수준의 SOFA를 갖게 됐다.
정부관계자들은 이제 한국측이 실질적으로 필요로 하는 사항은..","['미군', '관계자', '한국인', '기소시', '한국', '양국관계', 'sofa', '부시', '행정부', '근로자', '원상복구', '미국', '미국측', '배상의무', '환경오염', '서류송달', '불필요', '공동검역', '미군용', '주둔군', '민사소송', '미군용시설', '12가지', '그동안', '관계자들', '정부관계자들', '독일']",1
"화성.
할리우드가 다룬 SF영화 소재로는 고전중의 고전이다.
1920년대 ""화성에서 온 사람""을 비롯해 최근작인 ""미션 투 마스""까지 수백편에 달하는 화성 관련영화들이 나오고 또 나왔다.
그런데 다시 화성이다.
30일 개봉될 ""레드 플래닛""(원제 Red Planet).서기 2025년 지구는 자원고갈과 환경오염으로 더이상 인류가 살만한 곳이 못된다..","['화성', '모스', '배트맨', '조종사', '갤러거', '死鬪', '호프만', '토니', '살인적', '시고니', '헤로', '탐사로봇', '매트릭스', '긴장감', '탐사단', '대원', 'sf영화', '여전사', '지휘관', '이기심', '인간성', '자원고갈', '인류생존', 'sf', '환경오염', '대원들', '구원자', '캐리', '마스', '케이트', '고전중', '국제연합']",0
"28일 개정타결된 한미주둔군지위협정(SOFA)에 대해 시민단체와 학계는 일부 내용이 진전됐다고 환영하면서도 ""요구했던 수준에는 훨씬 못미친다""는 반응을 보였다.SOFA개정 국민행동(상임대표 문정현ㆍ文正鉉 신부)은 이날 정부중앙청사 후문에서 기자회견을 갖고 ""미국은 한ㆍ미 동맹관계를 '평등한 동반자 관계'로 인식하고 SOFA 31개 모든 조항 및 부속 문..","['미군', 'sofa', '피의자', '국민행동', '황상규', '원상회복', '동반자', '전제조건', '부속문서', '기자회견', '미국', '흉악범', '이장희', '문정현', '남용시', '한미상호방위조약', '한국외국어대', '일본', '母法', '주둔군', '무용지물', '노동자', '조건들', '확대해석', '구체화', '상임대표', '유럽', '투명성', '노동쟁의', '양해각서', '통일성', '증거인멸', '한미주둔군지위협정', '시민단체', '모법', '黃商圭', '환경오염']",1
"국가간의 관계도 생물체와 마찬가지로 진화한다 또 그 진화에 결정적인 영향을 미치는 게 시대상황 등에 따른 주변환경이라는 것,그리고 궁극적으로 양쪽 모두에 도움이 되는,관계 발전을 향한 순기능적 진화가 있는 반면 결국은 우호관계를 소멸시키는 방향으로 나아가는 역기능적,곧 퇴행적 진화가 있는 것도 생물체와 다르지 않다 국가간에는 영원한 적도 친구도 없다지만..","['한국', '미군', '미국', 'sofa', '시혜자', '불평등', '피의자', '한국측', '동북아', '구속력', '기소시점', '국가간', '생물체', '관심사', '우여곡절', '피해보상', '역기능적', '공조체제', '원상회복', '역기능', '우호관계', '만큼', '변화가', '나위', '불평등조약', '주한미군', '주변환경', '범죄유형', '미측', '2인', '수혜자', '환경오염']",1
"96년 12월 한 미 주둔군지위협정(SOFA)개정협상이 미국측의 무성의로 결렬된 후 한 미관계 최대 현안중의 하나였던 SOFA개정협상이 28일 전격 타결됨으로써 대표적 불평등조약이라는 비난을 받았던 SOFA가 대대적인 수술을 하게됐다.형사재판권, 환경, 노무, 검역, 시설구역의 공여 및 반환, 비세출자금기관, 민사소송절차 등 7개 부문에 걸쳐 대대적인 ..","['미군', 'sofa', '그동안', '당국자', '독일', '신병인도', '문제점', '미관계', '한국', '개정안', '시민단체', '원상복구', '전제조건', '개정협상', '환경조항', '한국인', '주둔군', '경실련', '기소후', '의사록', '기소시점', '특별양해각서', '23조', '주한미군범죄근절운동본부', '합의의사록', '미독']",1
"한미 주둔군지위협정(SOFA) 개정협상의 타결은 새로운 한미관계 정립을 위한 청신호라 해도 과언이 아니다. 이 불평등협정이 시대적 감각에 맞게 상당수준 개선을 이룸으로써 민족적 자존심을 회복한 것이나 마찬가지다.그러나 형사재판권, 환경 검역 등 세부분야에서 우리측 주장이 관철되지 못함으로써 완전 평등을 이루지 못한 점은 너무나 아쉽다. 우선 핵심쟁점이던..","['미군', '미군피의자', '자존심', '기소후', '한미', '미군범죄', 'sofa', '피의자', '그동안', '환경오염', '안보동맹', '불평등협정', '안보정세', '기소시점', '단순절', '반미감정', '증거확보', '형사재판권', '노무분야', '평가절하', '청신호', '독소조항', '재판종결', '안보환경', '주권국가', '시민단체', '만큼', '공동검역조항', '주둔군', '핵심쟁점']",1
"■한미 SOFA협상 타결한미 주둔군지위협정(SOFA)이 1991년 1월 1차 개정된 후 10년만에 대폭 손질됐다.
개정안은 그 동안 불평등ㆍ독소 조항으로 꼽혀온 내용들이 상당 부분 개정되고 환경 등 조항이 새롭게 신설되는 등 현행 SOFA에 비해 진일보한 면모를 갖추게 됐다.
특히 형사재판관할권 분야에서 우리측 주장이 대부분 받아들여지고, 환경 분야에서..","['미군', '미측', '한미', 'sofa', '스미스', '송민순', '피의자', '공여지', '미국', '개정안', '재판전', '노동쟁의', '중노위', '관할권', '일문일답', '합동위', '부차관보', '행정부', '공식서명', '조정신청', '클린턴', '기소전']",1
"한국과 미국이 오랜 산고(産苦) 끝에 28일 타결지은 한미주둔군지위협정(SOFA)은 양국간의 ‘정치적 필요와 의지’가 ‘실무적 갈등’을 뛰어넘어 낳은 결실이다. 
정부 고위관계자는 “‘한미관계의 지속적 발전을 위해 올해 안에 협상을 마무리지어야 한다’는 정치적 논리가 다른 모든 반박과 갈등요인을 압도했다”고 총평했다. 
▽개정 내용〓살인, 강간, 유괴,..","['미군', 'sofa', '한미', '한국', '봉급압류', '미국', '독일', '미군피의자', '변호사', '환경오염', '피의자', '합동실사', '환경조항', '주한미군', '중요범죄', '합의의사록', '합의양해사항', '교환각서', '강제집행']",1
27일 인천시립체육관에서 열린 '2000핸드볼 큰잔치' 결승 1차전 충청하나은행과 두산 그린의 경기에서 두산그린 김지훈이 슛을 날리고 있다.,"['큰잔치', '인천시립체육관', '두산그린', '환경오염', '신문고', '두산', '충청하나은행', '김지훈', '핸드볼', '결승', '경기', '그린', '호응', '예산']",0
"가람기획의 역사명저 시리즈 제3권 '문명의 씨앗, 음식의 역사'(찰스 B. 헤이저 2세 지음)가 출간됐다.
미국 인디애나대학의 식물학 명예교수인 저자는 이 책에서 인류문명 발전의 토대가 된 풍부한 식량의 역사를 그 기원에서부터 추적한다.
이 책은 선사시대 수렵과 채집으로 생존 문제를 해결하던 인류가 '농업'에 눈뜨고 야생의 동물을 길 들여 식량으로 삼기..","['헤이저', '2세', '식량원', '미국', '인디애나대학', '다양성', '가능성', '유전자', '단백질', '환경오염', '획득법', '지구상', '식물종', '찰스', '종교의식', '가람기획', '식물', '농업', '식량', '문명', '역사', '저자', '시작', '동물', '수렵', '기원', '시리즈', '발전', '인류', '탄수화물', '생존', '가능', '변화', '영향', '확보', '기후', '증가', '신뢰']",0
"환경교육의 중요성은 아무리 강조해도 지나치지 않다. 환경보호 생활화가 필요하다는 사실을 인정하면서도 상당수 시민들은 실천에 옮기지 않고 있다. 게다가 부지불식간에 환경을 오염시키고 훼손하는 행위를 자행하면사도 그 심각성을 느끼지 못 하는 경우가 빈번하다.
최근 각급학교와 시민단체는 물론 지방자치단체들이 앞다퉈 다양한 환경교육프로그램을 개발 운영하고 있다..","['환경문제', '환경보호', '시민들', '음식물쓰레기', '환경오염', '핫이슈', '제주시', '음식물', '8만', '각급학교', '8백', '대학생', '일반시민', '각급', '최소화', '극대화', '활용률', '활성화', '지방자치단체들', '당위성', '경향성', '현장중심', '기대치', '배출량', '감량배출', '현장환경교육', '쓰레기배출량', '사회지도층', '중요성', '재활용률', '시민단체', '시민환경', '환경교육프로그램', '환경현장교육', '환경교육', '환경교육부족', '부지불식간', '시민의식', '환경운동', '환경문제해결']",1
한.미 양국이 28일 주한미군 지위협정(SOFA) 개정안에 합의한것은 한.미 양국의 전통적 동반자 관계를 지속시키고 나아가 미래지향적 발판을 구축했다는 점에서 의미가 깊은 것으로 평가된다.특히 이번 협상타결은 남북 정상회담 등으로 한반도에 변화가 일고 있고 최근 노근리 사건이나 매향리 사태로 사회일각의 반미감정 심화상황이 빚어지고 있는 시점에서 이뤄졌다..,"['미군', 'sofa', '클린턴', '한국', '동반자', '매향리', '원상회복', '반미감정', '독극물', '매카시', '협상타결', '피의자', '살해사건', '지위협정', '관할권']",1
"서초구(구청장 趙南浩)는 지난 9월부터 모든 주택 및 상가를 대상으로 음식물쓰레기 분리배출을 실시한 결과 수도권 매립지 반입량이 크게 줄어든 것으로 나타났다고 27일 밝혔다.
97년 서초구의 음식물쓰레기 매입량은 하루 평균 374t씩 연간 13만6,475t이나 됐다.하지만 98년 11만5,657t,99년 11만4,452t으로 매립량이 점차 감소추세를 보..","['음식물쓰레기', '분리배출제', '음식물', '반입량', '수도권', '분리배출', '매입량', '분리수거', '11만', '매립지', '매립량', '감소추세', '병뚜껑', '452t', '환경오염', '이물질', '부작용', '골목길', '475t', '8만', '699t', '趙南浩', '주민들', '구청장', '전면시행', '13만', '269t씩', '배출제', '관계자', '배출', '쓰레기', '효과']",0
"목포시가 환경오염 사범을 근절하기 위해 관련 민원을 전담하는 기동 처리반을 운영한다.목포시는 28일 각종 환경오염 행위에 대한 신고가 접수되는 즉시 출동해 민원을 해결하고 오염사범 을 처리하기 위해 '환경오염 민원 전담 기동처리반'을 신설, 시공무원 3명을 전담배치한다고 밝혔다.오는 1월부터 운영될 이 처리반은 수질, 대기, 소음, 비산먼지 등 각종 환..","['환경오염', '목포시', '목포', '자동차', '폐기물', '시공무원', '공무원', '처리반', '시민들', '비산', '오염사범', '비산먼지', '212건', '42건', '신고정신', '관계자', '오염원', '전담배치', '신고', '처리', '민원', '각종', '소음', '사범']",1
"광주시 광산구 관내 일부 사업체 들어 상습적으로 폐수나 대기오염 물질을 배출하다 당국에 적발되는 등 환경준수 의식이 미약한 것으로 지적되고 있다.28일 광산구에 따르면, 지난달 관내 265개 업소를 대상으로 환경 관련법 준수실태를 조사한 결과 10%정도인 20개 업소가 각종 환경관련 법규를 위반해 고발 또는 행정 조치를 당했다는 것 .이들 적발 업소들의..","['광산구', '지도단속', '업소들', '대기업', '광주시', '대기오염물질', '수질환경', '환경오염01', '대기업들', '광산편집', '환경오염', '환경법', '주민들', '기준치', '경제적', '수질환경보전법', '공정성', '사례별', '금융지원', '환경단속', '12개소', '사업체']",1
"한국자원재생공사가 부산 경남권에서 발생하는 농어촌 폐비닐과 빈유리병 폐타이어 등의 재생처리와 재활용 홍보교육 등을 위해 대규모 재활용품 비축처리 산업단지 건립을 위해 부지물색을 하고 있으나 해당 지방자치단체와 주민들의 반발에 부딪혀 표류하고 있다. 
 
이 때문에 부산 경남지역에서 발생하는 한해 평균 폐비닐 1만286t, 폐타이어 360만개,빈유리병 9..","['부산', '경남', '1만', '폐타이어', '폐비닐', '재생처리', '빈유리병', '농어촌', '환경오염', '부지물색', '한국자원재생공사', '재활용', '2만', '어곡동', '칠서공단', '지자체', '주민들', '9만', '사천농공단', '님비', '양산시', '사천시', '2천', '미수거']",1
"2000년을 마무리하는 마지막 주말인 오는 30일에는 연말연시를 겨냥한 화제작 7편이 개봉된다 한국영화는 물론이고 일본과 프랑스의 애니메이션,할리우드의 SF액션과 가족 드라마,홍콩의 멜로물 등 각국의 다양한 작품이 한꺼번에 쏟아져 나왔다 관객으로선 입맛대로 골라볼 수 있으니 즐겁다 ◇자카르타=부호들의 달러가 보관돼있다는 오광투자금융을 노리는 금고털이 세..","['프랑스', '대학로', '키리쿠', '아프리카', '홍콩', '패밀리맨', '화제작', '나우시카와', '토막살해', '바람계곡', '진가신', '여고생', '앤서니', '호프만', '브레트', '래트너', '이광형기자', '관심거리', '절대절명', '탐사선', '오광투자금융', '부호들', '김세준', '갤러거', '진희경', '오광', '자카르타', '탐사대', '킬머', '최정예', '텔미썸딩', '대원들', '부해', '복수극', '중요성']",0
"⊙앵커: 환경오염을 단속하는 행정 기관이 민간업체와 공공기관을 대할 때 각각 다른 잣대를 쓰고 있습니다.
현장추적, 오늘은 두 얼굴의 행정을 고발합니다.
엄경철 기자입니다.
⊙기자: 하루에 관용차 100여 대를 정비하는 서울시 차량정비사업소입니다.
작업장 7곳에서 나오는 기름섞인 폐수가 이 유수 분리기로 모아집니다.
이렇게 쏟아진 폐수는 빗물펌프장을 통..","['서울', '서울시', '주차장', '과태료', '연수구청', '관용차', '성동구', '관계자', '사업소', '중랑천', '폐하수콘', '작업장', '엄경철', '민간업체', '공사장', '정화시설', '먼지가', '공영주차장', '현장추적', '빗물', '1000만', '공공기관', '여름철', '형평성', '빗물펌프장', '펌프장', '정비소', '분리기', '환경오염', '민간업소']",1
"사용종료 매립장 방치 
침출수 처리대책 구멍
관내 6곳 차단시설 미비 오염 무방비 
지하수 생활요수 이용 주민건강 위협
[楊州] 양주군관내 상당수 사용종료매립장의 침출수 처리대책이 전무해 토양과 수질등 주변 환경오염이 크게 우려되고 있다. 27일 군에 따르면 폐기물관리법이 시행된 지난 96년 이전에 설치된 생활폐기물매립시설의 경우 침출수처리에 관한 규..","['매립장', '침출수', '지하수', '사용종료', '은현면', '차수막', '상수매립장', '음용수', '폐기물관리법', '양주군관내', '사용종료매립장', '남면', '봉암리', '용암리', '환경오염', '사후관리', 'lsh', '李相憲', '군관계자', '사실상', '16만', '광사매립장', '광사리']",1
"희망으로 시작된 2000년이 절망으로 저물어 간다.
IMF졸업이라는 부푼 꿈으로 시작된 경진년. 하지만 주식폭락에 벤처기업 몰락 등으로 최악의 경제 난기류에 직면해 온나라가 시름에 잠겨있다. 여기에 구제역 파동으로 농심을 울렸고 축적된 환경오염이 수만 마리의 천수만 철새를 죽음으로 몰아 넣었다. 희망을 주는 일도 없지는 않았다.
성곡오페라가 오페라의 본..","['경진년', '편집자', '김영호', '농심', '환경오염', '온나라', '로마', '마리', '본고장', '은메달', '난기', '시민들', '大田日報', '첫해', '주식폭락', '성곡오페라', '다사다난', 'imf', 'imf졸업', '희망', '몰락', '시작', '경제', '목전', '선정', '세기', '중요', '절망', '사건', '사고', '정리', '호응', '파동', '구제역', '축적', '시름', '입성', '올림픽', '직면', '천수', '졸업']",1
쓰레기 소각장과 매립장 등 폐기물시설이 환경오염을 우려하는 주민들의 외면으로 전국 곳곳에서 집단 민원의 대상이 되고 있는 가운데 인접한 기초자치단체가 생활쓰레기 소각시설과 매립시설을 상호교환 설치하여 공동 사용키로 해 관심을 모으고 있다.20일 구리시에서는 임창열 경기도지사가 참석한 가운데 박영순 구리시장과 김영희 남양주시장이 손을 맞잡고 생활폐기물 처..,"['구리시', '폐기물', '남양주시', '소각장', '건설비', '사업비', '남양주', '매립장', '소각시설', '축구장', '매립지', '운영비', '생활쓰레기', '매립시설', '풍양신문사', '신상구', '박영순', '김영희', '임창열']",1
"PC의 수명주기가 더욱 짧아지고 있다. 컴퓨터 칩 성능은 18개월마다 두배씩 발전한다는 무어의 법칙을 뛰어넘고 있는 것이다. 이로 인해 폐PC 배출량은 급증하고 이에 따른 환경오염 문제도 심각해 질 것으로 보여 철저한 대책 마련이 절실하다. 
이제 PC제조업체는 물론 정부와 소비자 등에게도 그동안 소홀했던 폐PC의 환경과 재활용 문제가 시급한 현안으로..","['재활용', '폐기물', '폐pc', 'pc', '환경부', '미국', '법률안', '일본', '서울시립대', '환경오염', '이동훈', '리사이클', '제조업체', '예치금제도', '배출량', '예치금', '의무화법']",1
"한-미 주둔군지위협정(소파) 개정협상의 연내 타결 전망이 밝아졌다.정부 고위 당국자는 27일 ""소파가 일본과 독일에 뒤지지 않는 수준으로 개정될 전망""이라며 ""국민들도 만족할 수 있는 수준이 될 것""이라고 밝혔다.
28일 공식 협상을 시작하는 양국은 형사재판관할권 분야에서 미군 피의자의 신병 인도 시기를 기소시점으로 앞당기는 대신 몇몇 유형의 강력범죄에..","['미국', '미군', '명문화', '미국쪽', '내국인', '가능성', '그동안', '피의자', '구속력', '농산물', '기소시점', '변호인', '법체계', '주둔군', '환경오염', '공감대', '골프장', '주둔군지위협정', '환경단체', '정권교체']",1
◎앵커: 오늘 개정안이 타결된 주한 미군 지위협정을 보면 일단 우리측의 주장이 상당 부분 관철됐다고 평가할 수 있습니다. 하지만 애매한 전제조건이 많고 환경오염에 대한 보상규정도 없어서 실행 과정에서 마찰 가능성은 여전히 남아 있습니다.조성원 기자입니다.○기자: 오늘 타결된 주한 미군 지위협정 개정안 가운데 먼저 12가지 중범죄자의 신병 인도 시기를 기..,"['개정안', '미군', '일본', '환경오염', '매카시', '독일보', '전제조건', '조성원', '지위협정', '기소단계', '특별양해각서', '첫걸음', '독일', '살인사건', '환경조항', '강간범', '전문가', '전문가들', '환경규정', '보상규정', '규정', '평가', '조약', '살인', '환경', '가능', '사건', '타결', '주한', '인도', '해석', '마찰', '신병', '조건', '의자', '협정']",0
"포항제철이 내년부터 전국의 구매업무를 경북 포항의 본사에서 처리키로 결정함에 따라 광양제철 납품업체의 매출감소 등으로 전남지역 경제가 타격을 받을 것으로 예상된다. 
27일 광양시에 따르면 포항제철이 최근 기업 경쟁력 강화를 위해 조직개편을 단행하면서 내년부터 서울 포항 광양 등 3곳에서 각각 담당했던 전국의 구매업무를 포항 본사로 일원화하기로 내부방침..","['포항', '광양제철', '광양', '포항제철', '전남', '광양시', '납품업체', '광양지역', '광양시청', '경쟁력', '서울', '매출감소', '어장상실', '환경오염', '구조물', '내부방침', '광양상공회의소', '지역민', '서명운동', '金壽成', '긴급회동', '김수성', '조직개편', '金沃炫', '김옥현', '광양시의회의장', '관계자', '지역민들', '금명간', '일원화', '납품물량']",0
"요즘 '청정 에너지.그린 마케팅.녹색 경영' 같은 말을 많이 들었을 거예요. 
 기업들이 환경을 중요하게 여기면서 나온 말들입니다. 사실 얼마 전까지만 해도 기업들은 환경문제를 그리 심각하게 생각하지 않았습니다.
 질이 좋은 제품을 싼 값에 만들면 그것으로 할 일을 다했다고 생각했지요. 그런데 이제는 환경 문제가 기업의 사활을 가르는 요소가 ..","['태양열', '리우', '자동차', '폐기물', '이산화탄소', '냉장고', '강물', '환경오염', '소비자', '기업들', '아모코', '1백', '재생용지', '개발도상국들', '국제기준', '전문가들', '전문가', '핀란드', '원자재', '개발도상국']",0
서울 명동성당이 26일 성당구내에서 각종 단체의 집회 및 농성을 원천봉쇄하기 위해 경찰에 시설보호를 요청한 것은 극히 이례적인 일로 그릇된 시위문화로 성지 훼손을 더 이상 지켜볼 수 없다는 적극적인 입장 표명으로 보인다.명동성당측의 이같은 입장은 상황에 따라 동의를 얻지 않은 성당구내 불법농성의 경우 공권력 투입도 허락하겠다는 적극적인 의지여서 그동안 ..,"['명동성당', '한국통신', '공권력', '고문치사', '그동안', '불법농성', '백남용', '천막농성', '성당측', '다음날', '일반인들', '시민들', '여신도', '일반인', '대정부투쟁', '시설보호', '아크로폴리스', '민주화', '환경오염', '국무총리', '갖가', '한국', '노상방뇨']",0
"'백제'.'보석' 세계적 문화관광상품화 추진
2000년 익산시 시정 결산
입점리고분 지역360평규모 유물전시관 건립
친환경적'보석테마공원'월드컵때 개관 예정
民資유치 문화 관광지 개발 부가가치 창출
최첨단 열분해식 소각시설로 환경오염 극소화
백제문화권 개발서업
익산지역은 선사시대로부터 많은 문화유산이 산재되어 있다 특히 백제시대 천도와 관련있는 미륵..","['소각로', '익산', '백제', '익산시', '미륵사지', '골프장', '관광지', '왕궁리', '환경오염원', '1천', '전시관', '활성화', '보석박물관', '열분해식', '부가가치', '보석테마공원', '입점리고분', '10만', '문화유산', '4백', '사업비', '발굴조사', '극소화', '1만', '조한용', '관광객', '익산지역', '백제문화권', '에정']",0
"부산시는 환경오염물질 배출사업장 308곳에 대해일제점검을 실시해 폐수를 무단방류한 부산시 영도구 남항동 ㈜남양 등 68개 위반업소를 적발, 폐쇄명령 등 행정처분을 내렸다고 27일 밝혔다.이 가운데 ㈜남양(정우혁)과 부산시 사하구 감천동 814-1 안전운수(대표 문상호)는 폐수를 무단방류하다 적발돼 각각 고발 및 조업정지처분을 당했다.
부산시 북구 금곡동..","['부산시', '설치조업', '회동동', '금정구', '사하구', '남양', '강서구', '금곡동', '서대신동', '아미동', '308곳', '구평동', '청룡동', '국제산업기계', '동아대학병원', '위생병원', '일제점검', '안전운수', '동대신동', '대저']",1
"<윤자경>2000년말 극장가에 연말연시 대목을 노린 화제작들이 이어지고 있다.이름만으로도 기본 관객을 확보하는 헐리우드 톱 스타들이 이끄 는 흥행기대주들이 연말 극장가를 화려하게 하고 있다.
아놀드 슈왈츠 제네거가 ’여섯번째날’로 만난데 이어 배우 니콜라스 케이지의 ’패밀 리 맨’과 카리스마를 지닌 발 킬머의 ’레드 플래닛’이 가세한다.
= 패밀리 맨 ..","['화성', '케이트', '패밀', '월스트리트', '헐리우드', '극장가', '에이미', '화제작', '생명체', '과학자들', '과학자', '슈왈츠', '아놀드', '케이지', '대원들', '아이들', '대원', '니콜라스', '연인사이', '환경오염', '서바이벌게임', '동료들', '행동양식', '간속', '첨단과학', '이상징후', '현대인']",0
"통계청은 27일 인구, 가족, 소득과 소비, 노동,교육 등 13개 분야별 각종 통계자료를 담은 `2000년 한국의 사회지표'를 발간했다.분야별로 달라진 국민들의 생활상을 소개한다.
▲교육 = 올 4월 현재 학생비율은 인구 4.4명당 1명이며 대학생은 17명당 한명꼴이다.
교사 1명당 학생수는 고등학교가 19.9명으로 가장 적고 대학교는 교수 1명당 47..","['전년대비', '우리나라', '1인', '2천', '도서관', '1천', '1만', '급여비', '민간최종소비지출', '4천', '월평균', '재정자립도', '3천', '배출량', '가입자']",0
"1 년새 8.3% 늘어 주당 평균 근로시간 47시간 54분 2시간 증가 1 인당 年 의보 부담 14만1천원 급여비 17만4천원
 ▲교육=올 4월 현재 학생비율 은 인구 4.4명당 1명이며 대학생은 17명당 1명꼴이다. 교사 1명당 학 생수는 고등학교가 19.9명으로 가장 적고 대학교는 교수 1명당 47.8 명으로 가장 많다. 초등학교의 학 급당 학생수는..","['1인', '민간최종소비지출', '1명', '전문대', '전년대비', '배출량', '가입자', '4천', '1천', '취업률', '국민총소득', '급여비', '14만', '급당', '흡연인구', '253g', '비농']",0
"시는 지난 한 달 동안 부산지역 환경오염물질 배출사업장 308곳에 대해 배출 및 방지시설 적정운영과 무허가 배출시설 설치 운영 여부 등에 대해 일제 점검을 실시한 결과 위반업소 68곳을 적발해 행정처분했다고 27일 밝혔다. 
 
점검 결과 무신고 배출시설을 설치한 동명상사,동성엔지니어링 등 19개소가 폐쇄명령과 고발조치를 받았으며 ㈜남양,유진상사 등 7..","['배출시설', '68곳', 'jin92', '고발조치', '남양', '위생병원', '삼화교통', '유진상사', '부산', '사용중지', '동아대학병원', '부경수산', '7개소', '부산대학병원', '동성엔지니어링', '폐쇄명령', '37개소', '19개소', '환경오염', '경고처분', '계측기기', '동명상사', '행정처분', '김진', '사업장', '배출', '처분', '점검', '운영', '시설', '적발', '결과']",1
"① 표류하는 '낙동강특별법' 
 
99년말 확정된 '낙동강 물관리 종합대책'을 이행키 위한 '낙동강 수계 물관리 및 주민지원에 관한 특별법안(낙동강특별법)'이 지난 6월,정부안으로 국회에 제출되었다. 
 
낙동강특별법은 오염물질총량관리,상수원보호구역지정,낙동강 수계관리위원회 등을 명시하고 있어 기존의 법안에 비해 상당히 엄격한 규제조항을 두루 담고 있다..","['부산', '낙동강', '부산시', '황령산', '부산지역', '무분별', '문현동', '그린밸트', '기장군', '도심하천', '스키돔', '군부대', '유전자', '처리수', '특별법', '공유수면', '복원사업', '낙동강특별법', '조성부지', '물관리', '생태계', '환경파괴', '관계당국', '유지용수']",1
"날씨파생상품은 지난97년 에너지산업에 대한 규제완화가 본격화되면서 미국에서 처음으로 선을 보인 이후 세계적으로 시장 규모가 급속하게 커지고 있는 분야이다.
이 시장의 성장 잠재성이 큰 이유는 대부분 비즈니스분야가 날씨로부터 자유롭지 못하다는 데 있다.
실제로 모든 비즈니스의 80% 이상이 어떤 형태로든 날씨로부터의 위험에 노출돼 있는 것으로 분석되고 ..","['날씨파생상품', '미국', '이산화탄소', '업체들', '전문가', '시장규모', '본격화', '음료수', '유로화', '농산물', '천연가스', '날씨변화', '회사들', '참여자들', '보험사', '총생산', '매수가', '환경오염', '아이스크림', '유통업체', '발생량']",1
충북도는 지난 98년 10월부터 농촌 폐비닐 수거가 무상수거로 전환된 이후 제대로 수거가 안돼 토양 및 환경오염 문제가 제기됨에 따라 내년부터 수거보상금을 지원키로 했다.도에 따르면 98년부터 농촌폐비닐 수거보상금이 무상수거로 전환됨에 따라 지금까지 각 시군별로 자체 예산을 편성해 수거보상금을 지급해 왔으나 수거율이 점차 떨어지는 실정이라고 밝히고 수거..,"['보상금', '수거보상금', '폐비닐', '환경오염', '수거율', '무상수거', '농업활동', '수거량', '집중수거', '시군', 'kg', '박상준', '시군별', '집중수거기간', '30원', '시군지역', '충북도', '수거', '지급', '지원', '농촌', '도비', '전환', '설정', '기간', '농업', '지역', '활동', '자체', '예산', '마을', '제기', '단체', '발생', '편성', '내년', '개인', '토양', '실정']",1
"내년부터 본격 매립 오염방지 시설 강화청주권광역일반폐기물 매립장 조성사업이 착공 2년여만에 준공돼 26일 청원군 강내면 학천리 현지에서 쓰레기 반입절차부터 매립작업 등 전과정을 점검하는 시연회를 가졌다.이날 시연회에서는 쓰레기 반입절차 및 매립작업과정을 선보였으며 종사자에 대한 매립작업 및 운영관리방안 설명회, 쓰레기 수거 운반 매립장 반입 등에 관한 ..","['매립장', '주민들', '청원군', '농경지', '설명회', '침출수', '1백', '시연회', '토양오염', '본격공사', '학천리', '원지반', '매립작업', '광역폐기물', '윤태용', '관계자', '3천', '환경오염', '고화토', '2mm두께', '저류조', '70cm', '정비동', '청주시']",1
"⊙앵커: 지방자치단체가 쓰레기 매립장을 만들 때는 주민들의 반발로 진통을 겪는 경우가 대부분입니다마는 주민들이 오히려 쓰레기 매립장 유치 경쟁을 벌이는 곳도 있습니다.
정창준 기자가 취재했습니다.
⊙기자: 강원도 영월군의 쓰레기 매립장 부지입니다.
지난해 8월 부지선정을 마쳤지만 주민들이 진입로를 막고 지키고 있어 아직 설계를 위한 측량작업조차 못하고 ..","['매립장', '주민들', '평창군', '강원도', '사업비', '정창준', '지도자님', '이장님', '지도자', '복지과', '측량작업', '지방자치단체', '주요인', '자치단체', '지원약속', '소득사업', '환경복지과', '김비호', '서명운동', '평창군청측', '환경오염', '진입로', '김교순', '평창군청', '분들', '숙원사업', '40억', '영월군', '주민', '쓰레기', '지역', '마을', '유치']",1
"성충과 유충 하루 1천 마리 잡아먹는 천적 안산시 시화호 상류 반월천 6만 마리 방류
""미꾸라지와 참붕어로 모기를 박멸한다.""
경기도 안산시가 미꾸라지와 참붕어를 이용, 모기 등 해충박멸사업에 나서 화제다.
안산시는 26일 해충구제 효과가 높은 것으로 알려진 미꾸라지와 참붕어 6만 마리 (150kg)를 내년 6월께 시화호 상류 지역인 반월천 유입습지 8..","['마리', '시화호', '반월천', '안산시', '전염병', '서울대', '150kg', '000마리', '최소화', '살충제', '환경오염', '관계자', '시화호습지', '이상씩', '방역소독', '민물고기', '해충박멸사업', '경기도', '방류사업', '박멸사업', '모기집단발생']",1
당진화력발전기 증설 물의군 주민 의견수렴없이 계획수립 반발【唐津】환경협정 체결 거부로 물의를 빚고 있는 당진화력이 당진군이나 지역주민들의 의견수렴 절차없이 발전소 증설계획을 수립하고 있는 것으로 뒤늦게 알려져 지역주민들의 알권리를 무시하고 있다는 지적을 받고 있다. 특히 중앙부처나 정부투자기관등이 각종 인 허가사항에 대해 협의하면서 광역자치단체만 상대할..,"['발전소', '지역주민들', '4호기', '당진화력', '회처리장', '50만', '설명회', '정작', '진화력', '물의군', '의견수렴', '증설계획', '도로파손', '불이익', '현장조사', '밀실행정', '광역자치단체', '사업단', '기술지원', '교통체증', '동서', '환경오염', '73만', '141만', '허가사항', '환경협정', '가동중', '중앙부처', '주요인', '唐津']",1
"경기북부지역에 지방산업단지가 잇따라 들어서 열악한 지역경제를 활성화 시키는데 큰 도움이 되고 있다. 26일 경기도 제2청에 따르면 현재 경기북부지역에 이미 조성된 산업단지 규모는 의정부시 용현, 파주시 문발 문발2, 동두천시 상봉암, 포천군 신평, 양주군 상수 도하, 가평군 목동 산업단지 등 9곳 113만㎡에 이른다. 또 파주시 출판 탄현단지 등 2곳..","['파주시', '산업단지', '제2청', '경기북부지역', '동두천시', '포천군', '파주', '양주군', '5곳', '지역경제', '지방산업단지', '탄현', '성동리', '문발', '탄현단지', '가평군', '양문', '관계자', '경기도', '목동']",0
"여태까지 국내에 보급된 PC대수는 1800만대 이상. 올해만도 340만대 이상의 PC가 보급된 것으로 전망되고 있다. 이처럼 해마다 쏟아지는 PC에 비해 버려지는 폐PC대수는 얼마나 될까?, 또 버려지는 폐PC는 어떻게 처리될까?.
문제는 이 폐PC가 쓰레기로 버려져 소각되거나 매립될 경우 심각한 환경파괴 문제를 야기한다는 것이다. 폐PC와 환경, 재..","['재활용', 'pc', '폐pc', 'crt', '1800만', '환경오염', '인쇄회로기판', '예치금', '전문가', '염색체', '소각시', '배출량', '회수처리', '가전품목', '독일', '해외선진국', '한국자원재생공사', '일본', '중금속', '지하수', '발암물질', '편집자', '15종', '기형아', '800만', '근육마비', '구리', '미국', '호흡기', '선진국']",1
"사전분석 운영 '부실'동해안 市 郡 어업쓰레기 소각로 설치막연히 어촌계 위탁 예산낭비 실효성 의문【裏陽】동해안 6개 시 군에 일률적으로 어업쓰레기 소각로 설치사업이 관리 운영 방안조차 수립하지 않은 채 추진돼 예산 낭비의 우려가 높다.양양군을 비롯, 동해안 6개 시 군은 어업쓰레기 소각로 설치 사업비로 도비와 시 군비 각각 2천500만원을 새해 예산에 ..","['소각로', '어업쓰레기', '동해안', '도해양수산출장소', '관계자', '사업비', '출장소', '6개', '효괴', '어촌계', '설치사업', '항포구', '2천', '화학물질', '폐어망', '실효성', '발생량', '사업계획', '예산낭비', '환경오염', '양양군', '裏陽', '사전분석', '관리부실', '사업', '설치']",1
"한국과 미국은 한ㆍ미 주둔군지위협정(SOFA) 개정 문제를 타결하기 위해 28일 서울에서 협상을 다시 열기로 했다.정부 당국자는 26일 ""이번 협상은 형사재판관할권 등 6개 분야의 미합의 쟁점에 대한 일괄 타결이 목표""라며 ""양측이 지금까지의 입장에서 탄력을 보이고 있다""고 말해 SOFA 개정 협상이 연내 마무리될 가능성이 높음을 시사했다.
지금까지 협..","['미군', 'sofa', '서울', '피의자', '의사록', '합의의사록', '기소시점', '단순절도', '경미', '명문화', '주둔군', '미국', '가능성', '한국', '재판권', '배상의무', '중범죄', '당국자', '재협상', '우리나라', '형사재판관할권', '환경법규', '환경오염', '관계자', '환경', '협상', '조항', '분야', '개정', '재판', '정부', '신설']",1
"생활환경은 가정에서부터'
비닐봉투 퇴출에 주부 앞장
(35)쓰레기줄이기
장바구니 활용
편리성에 감춰진 오염원 인식
장바구니 사용 결의 잇따라
환경보호 실천 가능성 열어
시민들이 생활의 편리함을 추구하면서부터 언제부터인가 장보기에 나선 주부들의 손에는 합성수지봉투가 장바구니를 대신해 들려져 있게 됐다. 집에서부터 장바구니를 챙겨서 들고 나오는 불편함을 ..","['장바구니', '비닐봉투', '환경오염', '주부들', '열어', '합성수지', '사용량', '간담회', '가능성', '생활환경', '앞장', '합성수지봉투', '공급창출', '전주시', '외화낭비', '여성단체', '이환경오염물질', '여성들', '기하급수', '이환경오염', '매료', '행정기관', '공감대', '환경오염물질', '쓰레기발생량', '시민들', '생활쓰레기', '환경오염문제', '오염원']",1
"현재는 3D(DNA, Digital, Design)시대로 유전공학, 컴퓨터 그리고 디자인이 대표적인 것이며, 앞으로의 시대는 3E(Ecology, Enviroment, Earth-생태학, 지구, 환경)의 시대가 될 것이라 한다. 현재 전세계적으로 활발히 추진되고 있는 몇 가지 일, 즉 정보화, 유전공학, 환경보전 중에서 전자의 두 가지는 좀더 생활을 편..","['오염물질', '뉴질랜드', '합성세제', '자국민', '오인혜', '유전공학', '빗물', '섬나라', '아프리카', '폐기물', '재활용', '투발루', '자동차', '생식기', '남태평양', '외화벌이', '정보화', '핀란드', '배재대', '생태학', '마구잡이', '토론들', '프랑스', '음식물', '해수면', '세계시민', '사용량', '영국', '시드니', '일상생활', '이산화탄소', '정자수', '이민자', '일들', '성층권']",1
2000년 익산시정 결산백제문화권 개발사업 척척보석 박물관 건립 테마공원 조성웅포 관광지. 골프장 조성 박차니트 산업 종합 지원센터 건립오염 없는 쓰레기 소각로 건설체육시설 시민쉼터 공원 조성조한용 시장은 민선이후 업무추진비 등 예산 400여억 원을 절감한 재원으로 각종 주요 시책사업을 활기차게 추진하여 익산시를 크게 발전시키고 있다.현장중심의 열린 행..,"['백제', '익산', '익산시', '소각로', '골프장', '1천', '사업비', '왕궁리', '선화비', '무왕', '박물관', '중국', '미륵사지', '신라', '환경오염원', '전시관', '문화유산', '금마', '10만', '1400여', '시민들', '고엽제', '선화공주']",0
"<장종회>테크노켐(대표 오석재)는 지난 97년 8월에 설립된 환경벤처기업이다.오존층을 파괴하고 지구온난화를 유 발하는 환경파괴물질인 프레온가스 등을 대체하는 물질을 개발하고 있 다.
신냉매개발 분야에서는 국내에서 거의 유일한 기업이다.
환경오염을 일으키지 않으면서 가연성도 없는 차세대 신냉매를 개발 해 국내에선 이미 발명특허를 따냈고 세계 77개국에 특..","['순이익', '24억', '오석재', '신냉매', '테크노켐', '냉매개', '미국', '프레온가스', '16억', '매출액', '혼합물', '인도네시아', '차세대', '매경', '73억', '20억', '소액주주', '관계인', '계변경', '경쟁력', '시그널사', '가연성', '500만', '12b', '이익률', '자동차', '회사개요']",1
"우리나라 환경산업의 전망이 어두운 것으로 나타났다.26일 환경부에 따르면 유럽연합(EU)과 일본 등이 환경복원 재생기술청정기술 등 차세대 첨단기술을 전략적으로 발전시키고 있으나 우리나라는 미국유럽 등 선진국과 비교할 때 청정기술 수준이 30%, 생태관련 기술 수준은 20% 정도에 머물고 있고 시간이 지날수록 격차가 벌어지고 있는 것으로 분석됐다.
200..","['우리나라', '일본', '환경부', '증가율', '지출규모', '차세대', '중국', '아시아', '매출액', '국제통화기금', '7조', '환경신기술', '기술부', '중복투자', '환경신', '과학기술부', '환경오염', '독자적', '산자부', '유럽연합', '비효율', '8조', '청정생산', '시장성', '선진국', '자원부', '양쯔강', '환경기술', '증가요']",1
"포항제철(POSCO)이 내년부터 광양제철의 구매 업무를 포항 본사로 일원화하기로 결정함에 따라 광양제철 납품업체의 매출 감소 등 지역경제가 심각한 타격을 받을 것으로 우려된다.26일 광양시와 광양 상공회의소 등에 따르면, POSCO가 최근 기업 경쟁력 제고를 위해 구조조정 등 조직개편을 단행한 데 이어 내년부터 서울 포항 광양 등 3곳에서 담당했던 구매..","['광양', '광양제철', '광양상공회의소', '포항제철', '상공인', '긴급회동', '포항', '납품업체', 'posco', '지역경제', '순천', '일원화', '광양시의회', '경쟁력', '광양시청', '김옥현', '내방객', '466억', '김수성', '지역민', '광양시']",0
"환경산업(ET) 벤처기업인 부산 사상구 엄궁동 (주)이씨테크(Ec-Tech 대표 김영웅)가 개발한 광촉매 수질정화장치가 본격 상용화돼 업계의 주목을 받고 있다.이씨테크는 자체 기술로 개발한 산화티탄 광촉매 코팅막을 갖춘 수질오염정화 장치를 부산상수도사업본부에 납품, 현재 부산 서구 대신동 꽃마을 상수원 저수지에설치해 가동중이라고 25일 밝혔다.회사측은 ..","['부산', '광촉매', '이씨테크', '횟집', '물탱크', '수자원개발공사', '수족관', '부산물', '엄궁동', '민방위급수', '연구원', '한국기술신용보증기금', '저수지', '회사측', '윈경영정보컨설팅', '산화티탄', '임성근', '벤처기업', '국제특허', '일본']",0
"농촌지역 일부 농가에서 농사철에 사용한 폐비닐과 농약병 등 농사를 마무리 지으면서 발생한 폐기물들을 수거하지 않고 하천이나 농경지에서 태우거나 땅속에 그대로 매립하고 있어 농촌 환경을 망치는 요인이 되고 있다는 지적이다. 
 
26일 경남 함양,거창,산청 등지의 농민들에 따르면 올해 추수가 끝난 들녘 주변과 하천,마을앞 등에는 버려진 농약병과 폐비닐이 ..","['폐비닐', '거창', '들녘', '가전제품', '산청', '냉장고', '농가들', '경남', '농약병', '환경오염', '거창군', '남상면', '육발', '폐기물들', '한국재생공사', '땅속', '고추밭', '농경지', '포도밭', '농민들', '폐기물', '농사철', '농촌지역', '생필품', '쓰레기장', '마을앞', '재활용품', '지방도', 'tv', 'packou', '마을', '농촌', '수거', '농가']",1
"우마차가 삐걱거리며 다니던 시절, 길바닥 여기저기 펑퍼짐하게 내지른 똥무더기를 쉽게 볼 수 있었다. 그곳에선 작은 자연의 경이가 펼쳐졌다. 풍뎅이들이 배설물을 경단으로 빚어 어디론가 바삐 굴려가는 것이다. 지금은 정부가 멸종위기종으로 지정해 보호하고 있는 쇠똥구리가 그들이다.아프리카 초원지대에는 수많은 코끼리와 얼룩말, 영양, 코뿔소 등 초식식물들이 잠..","['쇠똥구리', '배설물', '학교환경교육', '제주환경', '골프장', '제주지역', '제주', '농경지', '최일선', '아프리카', '크루거', '케냐', '사용량', '환경오염', '목축장', '자연서식지', '오스트레일리아', '나라들', '길바닥', '50배', '덤불파리', '위기종', '여기저기', '멸종위기종', '미명아래', '몸무게', '방안들', '제주도', '풍뎅이들', '세대들', '얼룩말', '그전']",0
"토사유출 수원오염 대책 마련 시급
(주)태영이 양산 동면~하북면 양산천 일대에 차집관로 매설공사를 벌이면서 오탁방지막 등 토사유출에 대한 대책을 제대로 세우지 않고 마구잡이 공사를 벌여 하천이 흙탕물로 심하게 오염되고 있다. 특히 공사구간내에는 감결취수장(일일취수 규모 1만2000t)이 있어 갈수기에 물 부족으로 인한 흙탕물로 수원오염이 우려되고 있다..","['양산천', '양산시', '흙탕물', '증설공사', '오탁방지막', '수원오염', '취수장', '태영', '방지막', '하천물', '하천바닥', '차집관', '정작', '덤프트럭들', '토사유출', '대우', '금산리', '매설공사', '덤프트럭', '마리나아파트', '하북면', '오탁', '수원']",1
서울지역 쓰레기 소각장 가동이 삐거덕거린다. 터를 잡은 곳도 건립공사가 쉽지 않다. 주민반대 때문이다.폐기물관리법에 따라 2005년부터는 음식물쓰레기 매립이 금지된다. 그러나 수도권매립지 주민대책위는 내년부터라도 음식물쓰레기는 받지 않겠다는 태도다. 서울 쓰레기 대부분은 음식물이 차지한다. 이른 시일 안에 대책을 마련하지 않으면 쓰레기 처리가 매우 큰 ..,"['소각장', '서울', '노원', '양천', '강남', '강남구', '매립지', '강남소각장', '음식물쓰레기', '난지도', '양천소각장', '음식물', '환경오염', '가동률', '마포구', '상계동', '노원구']",1
"올해는 21세기가 시민운동의 세기가 될 것임을 예고한 해다. 시민운동은 올해 총선시민연대, 예산감시 네트워크, 국정감사모니터 시민연대 등 연대기구를 통한 '힘의 집중'으로 어느 해보다 큰 성과를 냈다. 90년대 후반 한동안 침체에 빠졌던 지역운동도 지방자치단체에 대한 예산감시 활동을 중심으로 새로운 도약의 계기를 마련했다.올해 시민운동의 가장 도드라진 ..","['시민운동', '네트워크', '공무원', '경실련', '시민단체', '판공비', '납세자', '황령산', '지자체', '풀뿌리', '그린벨트', '정보공개', '단체장', '대상자', '제도화', '연대운동', '총선시민연대', '부산', '참여자치']",0
주민 의견수렴 절차 무시 반발 확산지난달 185억 투입 56호기 설계 용역 발주환경협정 체결거부로 물의를 빚고 있는 당진화력이 행정당국과 지역민들의 의견수렴 절차를 무시하고 발전소 증설계획을 추진하고 있는 사실이 밝혀져 물의를 빚고 있다.특히 당진화력은 중앙부처나 정부투자기관 등이 각종 인허가 사항에 대해 협의하면서도 정작 환경오염이나 교통체증 및 도..,"['당진화력', '지역민', '지역민들', '발전소', '56호', '4호기', '설명회', '대다수', '50만', 'kw', '교통체증', '불이익', '정부투자기관', '환경오염', '정작', '밀실행정', '기술지원', '동서발전사업단', '반발여론', '가동중', '사업설명회', '진행중', '동서', '지역주민설명회', '준공예정', '2기', '중앙부처', '현장감리', '현장조사', '자치란체']",1
"한.미 주둔군 지위에 관한 행정협정(SOFA) 합동위원회 산하 환경분과위원회 회의가 내년 1월 개최된다.환경부는 SOFA 본협상과는 별도로 환경오염 사고에 대비한 양측간 연락망 구축 등 여러 세부사항을 논의하기 위한 환경분과위 회의가 늦어도 내년 1월 중으로 열릴 예정이라고 24일 밝혔다.
양국은 이 회의에서 미군 환경오염 사고발생시 적절한 통보절차와 ..","['미군', '환경부', '환경오염', 'sofa', '위원회', '분과위', '연락망', '행정협정', '연락창구', '세부사항', '주둔군', '통보절차', '사고발생시', '회의', '내년', '환경', '통보', '논의', '사고', '즉시', '산하', '개최', '발생', '구체', '구체적', '구축', '연락', '지위', '창구', '단체', '양측', '행정', '자치']",0
'청룡열차를 탄 시민단체'. 2000년 국내 시민단체(NGO)는 파란만장한 한해를 지냈다. '결집된 시민'이 얼마나 큰 힘을 발휘하는지를 강력하게 보여주기도 한 반면 일부 지도층의 부정으로 지울 수 없는 상처를 입기도 했다. 4.13총선을 앞두고 연초부터 시작된 총선시민연대의 낙천 및 낙선운동은 정치개혁에 대한 열망과 맞물려 범국민적 지지를 불러일으켰다..,"['시민운동', '시민단체', 'ngo', '시민들', '러브호텔', '지도부', '시민단체들', '송자', '환경오염', '성공회대', '미군', '총선시민연대', '성추행', '김기식', '대변인', '독극물', '조희연', '한강', '고양시민들', '명망가', '고양', '정책실장']",0
"TV공익광고나 환경단체에서는 자동차 공회전을 줄여 기름낭비와 환경오염을 막자는 호소를 한다.기름 한방울 나지 않는 우리로서는 당연한 일이겠지만 주위 운전자들을 보면 그게 잘 안지켜진다.운전자 대부분이 공회전에 익숙해 있기 때문이다.
출발전 공회전을 해야만 자동차에 무리가 가지 않는다는 예전의 고정관념은 많이 깨졌지만,사실 일시 주정차할 때 시동을 끄지 ..","['공회전', '주정차', '운전자', '자동차', '신호대기', '100m', '운전자들', '성동구', '서울시', '이기태', '환경단체', '고정관념', '미국', '환경오염', '시민들', '뉴욕', '신호등', '사거리', '캐나다', '게훨', '신호정차', '시간측정', '스위스', '기름낭비', '차들', '출발전', 'tv', '행당동', 'tv공익광고', '시간date', '시동', '기름', '신호', '대기', '효과', '절약', '주위', '공익', '광고', '실천']",1
"한 미 주둔군지위협정(SOFA) 합동위원회 산하 환경분과위원회 회의가 내년 1월 개최된다, 환경부는 SOFA 본 협상과는 별도로 환경오염 사고에 대비한 양측간 연락망 구축등 여러 세부 사항을 논의하기 위한 환경분과위 회의가 늦어도 내년 1월중으로 열 릴 예정이라고 24일 밝혔다.
이번 회의에서는 미군 환경오염 사고 발생시의 적절한 통보절차에 대해 집중 ..","['미군', '환경부', '환경오염', '연락망', '위원회', 'sofa', '분과위', '주둔군', '주둔군지위협정', '통보절차', '관계자', '회의', '환경', '내년', '사고', '통보', '논의', '발생', '산하', '개최', '구축', '구체적', '단체', '지위', '자치', '구체', '피해', '동시', '방안', '사실', '미간']",0
"2000년 부산지역 환경의 최대 이슈였던 낙동강살리기운동은「낙동강특별법」제정을 둘러싼 부산, 경남, 그리고 대구 경북지역 출신의원들 간의 막바지 절충이 시도되고 있으나 결론은 내리지 못하고 있다. 또 그린벨트 완화조치와 부산시의 제2차 공유수면 매립계획, 황령산 스키돔 개발 및 동서 부산권 개발계획 등 부산시의 각종 개발사업이 환경시민단체와 마찰을 빚었..","['부산', '낙동강', '부산시', '스키돔', '부산지역', '대구', '항공방제', '매립계획', '황령산', '대책위', '그린밸트', '온천천', '처리수', '전문가', '특별법', '환경단체', '스미치온', '복원사업', '부산권', '도심하천', '기장군', '생태계']",1
"道,파주산업단지 조성승인
물류비용 절감 
고용창출 기대
[議政府] 파주통일산업단지사업협동조합이 추진하는 '파주지방 산업단지' 조성사업이 지난 19일자로 경기도 제2청으로부터 지정승인됐다. 이로인해 기업에는 물류비용절감등 시너지 효과가, 지역주민에게는 일자리 창출로 고용증대효과가 기대되고 있다. 파주지방산업단지 조성사업은 탄현면 성동리 산 26의1일원 ..","['경기도', '파주', '제조업', '파주지방산업단지', '물류비용', '산업단지', '고용창출', '조성사업', '준공예정', '성동리', '탄현면', '지역주민', 'khk', '金煥奇', '21개소', '5개소', '개발준비중', '경기북부역', '환경오염', '12만', '사업비', '106억', '집단화', '지정승인', '관계자', '협동조합', '고양', '議政府']",0
"다사다난 2000년 인천시 의회 무슨 일 했나
대우태풍 뚫고 ""앞으로""
전국최초 조례통한 시금고 지정 값진 선례
'시민에 바다 보여주자' 아암도 일대 개방
'먼지와의 전쟁' 선포 대기오염 최소화
계속된 경제위기 속 미래 향한 희망 파종
인천시정결산
인천시는 올해 대우차사태, 시금고 문제, 인현동 부상자 보상문제 등으로 적지 않은 시련을 겪었다.시는..","['인천', '인천시', '부상자', '시금고', '송도', '아암도', '위기감', '시민들', '대우', '배출량', '대우차', '환경오염', '인천시정', '최소화', '구조조정', '인천항', '보상문제', '생활폐기물', '동북아', '지방세', '체납세', '그동안', '공항개항', '확대시행', '건설사업', '다사다난', '공무원', '부평공원']",0
SOFA 환경委 내년1월 개최 환경부 한 미 주둔군지위협정(SOFA) 합동위원회 산하 환경분과위원회 회의가 내년 1월 개최된다. 환경부는 SOFA 본 협상과는 별도로 환경오염 사고에 대비한 양측간 연락망 구축 등 여러 세부사항을 논의하기 위한 환경분과위 회의가 늦어도 내년 1월중으로 열릴 예정이라고 24일 밝혔다. 이번 회의에서는 미군 환경오염 사고 발..,"['환경부', '환경오염', '미군', '위원회', 'sofa', '연락망', '세부사항', '주둔군', '통보절차', '주둔군지위협정', '분과위', '聯合', '회의', '환경', '개최', '내년', '통보', '논의', '사고', '산하', '발생', '즉시', '검토', '구체', '구축', '구체적', '양측', '단체', '자치', '지위', '방안', '동시']",0
"최근 정치권이 증권투자로 인한 피해를 구제하기 위해 '증권집단소송제' 를 의원입법으로 추진하고 있다고 한다.
 
 집단소송은 피해자가 다수고 피해총액이 막대하지만 각자의 피해가 소액이기 때문에 개별적으로 소송을 하기 어려운 경우에 피해자 집단의 대표자가 가해자를 상대로 소송을 제기해 판결의 효력이 소송에 참가하지 않은 피해자 전부에게 미치게 하는 제..","['집단소송제', '피해자', '당사자', '만큼', '기판력', '개별적', '증권집단소송제', '제조물', '집단소송', '소송법', '증권투자', '원고자격', '도입을', '가능성', '민사소송법', '검토후', '손해액', '불법행위', '휴지조각', '다양성', '정책과정', '형평성', '사법적극주의', '인과관계', '보유주식', '신뢰도', '적극주의', '투자의사', '우리나라', '피해자수', '수용능력', '법체계상']",0
"본디 좋은 텍스트란 어느 관점에서 접근하더라도 퍼올릴 수 있는 다양한 메세지가 있기 마련이다.단행본 '새로운 의학,새로운 삶'이 바로 그런 책이다. 
건강서,혹은 의학 교양서로 읽어도 무방하지만, 실은 '의학 담론을 담은 대중적 철학서'라 할만한 훌륭한 읽을거리이다. 즉 보통 사람들의 다양한 관심에,속 깊은 성찰의 화답(和答)을 보내는 '인문적 의..","['대체의학', '서울대', '연구원', '치료법', '철학서', '하은경', '접근법', '의학서', '사람들', '생물학', '서구의학', '진원지', '보건원', '연구소장', '物心', '정우열', '치료임상', '이원론', '83쪽', '구조주의', '발병']",0
"제설용모래 살포후'애물단지'
임실,후속처리 소홀 먼지피해 발생
겨울철 눈길 미끄럼방지를 위해 뿌려지고 잇는 설해방지용 모래가 심한 먼지공해를 야기하고 또 자동차 제동력을 떨어뜨리는 등 많은문제점이 지적되고 있어 소금이나 염화칼슘등 화공약품으로의 대체가 시급한 실정이다.임실군의 경우 매년 12월 중순부터 이듬해 2월말께까지 약 3개월에 걸친 겨울철이면 ..","['임실', '겨울철', '교통사고', '임실군', '적설량', '이듬해', '염화칼슘등', '제동력', '주민들', '애물단지', '자동차', '내동', '도로변', '전주', '남원간', '화공약품사용', '염화칼슘', '문제점', '호흡기', '주택가주민들', '남원', '시가지', '환경오염', '분리대', '주택가', '빙판취약지역', '눈병', '3개월', '지방도', '공해요']",0
"= 안전성에서 탁월한 노균병 역병用 신물질 살균제 <위정환> 의 신물질 살균제 '가디안'이 제52주 IR52 장영 실상을 수상했다.'가디안(Guardian)'은 LG화학이 지난 99년 국내 최 초로 개발해 상품화한 신물질 살균제다.
지난 97년 LG화학이 개발해 상품화한 신물질 벼제초제 '피안커'에 이어 두 번째다.
= 노균병 역병치료에 효과 = '..","['가디안', '신물질', '살균제', '연구원', 'lg화학', '우리나라', '병원균', '부사장', '영국', '유럽', '김달수', '양흥준', '피안커', '노균병', '상품화', '전재훈', '이주영', '세계시장', '안전성']",0
"◇송기인 부산민주항쟁기념사업회 이사장은 22일 부산민주공원 3층식당에서 기념사업회 송년회를 열었다.◇이숙재 부산성폭력상담소장은 22일 부산대 정문앞에서 청소년 유해업소 추방 등을 위한 밤거리 되찾기 캠페인을 벌였다.◇강신호 환경오염감시협의회장은 25, 26일 금정산 상계봉 능선에서 산불방지와자연보호를 위한 캠페인을 펼친다.","['송년회', '이사장', '강신호', '이숙재', '상계봉', '금정산', '부산민주공원', '부산대', '사업회', '환경오염', '자연보호', '산불방지', '협의회장', '부산성', '부산', '상담소장', '3층', '정문앞', '청소년', '캠페인', '기념', '송기', '방지', '산불', '감시', '업소', '폭력', '민주', '능선', '유해', '항쟁', '추방', '식당', '정문', '동정']",0
"미국의 차기 행정부 인선작업을 가속화하고 있는 조지 W 부시 대통령 당선자는 22일 존 애시크로프트(공화.미주리)상원의원을 법무장관에 지명했다. 
 
부시 당선자는 이날 기자회견에서 법무장관 지명자를 발표하면서 '그는 법을 집행하고 진실을 추구할 것'이라고 말했다.애시크로프트 법무장관 지명자는 '나는 법무부를 성심성의껏 관리하고 미국법을 완벽하게 집행할..","['애시크로프트', '당선자', '미국', '휘트먼', '부시', '행정부', '지명자', '공화당', '톰슨', '국방장관', '법무장관', '상원의원', '자동차', '위스콘신주', '텍사스주', '카너핸', '뉴저지주', '토미', '위스콘신', '보좌관', '관리들', '선거전', '조지']",0
"2001학년도 특차 모집이 끝남에 따라 수험생들은 이제 본격적으로 정시 모집에 대비해야 할 때다.지난해와 비교하여 전체적으로 수능 점수가 대폭 상승한 가운데 그 어느 해보다 논술 및 면접 구술고사가 당락에 결정적인 영향을 줄 것이라는 분석이 지배적이다.이에 따라 특차모집에서 실패한 학생들은 남은 기간 대학별 논술고사 준비에 만전을 기해야 한다. 
 
내..","['문제점', '현대', '지구촌', '제3', '세계화', '한스', '20세기', '피터', '울리히', '프롬', '문제들', '근대화', '정보화', '에리히']",0
"無許축사 추인실적 저조축산전만 불투명 비용과다 영향 229농가 그쳐 당진군 폐수인한 환경오염 가속화 우려 【唐津】당진군이 자체적으로 실시한 무허가축사 추인 신고실적이 극히 저조한 것으로 나타나 축산폐수로 인한 환경오염이 크게 우려되고 있다. 특히 축산물 가격 하락 및 전면 수입개방에 따른 축산업 전망이 불투명한데다 설계비, 축산폐수 처리시설 설치비 등 ..","['추인', '당진군', '허가축', '젖소', '환경오염', '축산폐수', '시설물', '불투명', '불법행위', '축산물', '합덕읍', '24농가', '대호지면', '설치비', '송악면', '신고실적', '무사안일주의', '축산업', '관련법', '마리', '그동안', '제재조치', '의법조치', '건축법', '관련법규', '농지법', '665마리', '과태료']",1
"하동 평촌~종화 폐드럼통 등 오염 부추겨
하동군이 연차사업으로 평촌~종화간 군도 확포장공사를 해오면서 관리가 제대로 되지 않아 폐드럼통과 페인트통 등이 나뒹굴면서 환경오염을 부추기고 있다.
군은 지난 97년부터 연차사업으로 군도 11호선인 횡천면 전대리에서 청암면 평촌~옥종면 종화리 24km구간에 포장 공사를 해오고 있다.
또 사업비 2억7000여만원을..","['폐드럼통', '평촌', '확포장', '하동군', '청암면', '환경오염', '종화', '종화리', '사업비', '연차사업', '페인트통', '용접기', '군민들', '입간판', '입간판들', '횡천면', '덤프폐', '15t', '11호', '용접기호스', '평촌리', '플래카드', '전대리', '640m', '덤프폐차', '군관계자', '옥종면', '폐덤프트럭', '공사현장', '하동', '부추겨', '종화간', '확포장공사', '공사', '관리', '도로', '오염']",1
"도 도교육청예결 특위 구성
경남도의회는 22일 도와 도교육청의 올 제2회 추가경정 예산안을 심사할 예결특위를 구성하고, 23일까지 본격적인 심사작업에 들어갔다.
도청소관 예결특위 위원장에는 김봉권(사천2) 의원, 부위원장에는 백상원(마산3) 의원을 각각 선임했다.
도교육청 소관 예결특위 위원장은 남길우(비례대표) 의원이 맡았으며 천진수(진주3) 의원이 ..","['위원장', '예결특위', '부위원장', '예산안', '교육청', '도교육청', '환경오염', '남길우', '도청소관', '도의회', '본격착수', '김봉권', '볼의정연구회', '과학교신', '이설사업', '석사과정', '발전소', '한나라당협의회', '경남도', '노력파', '교육재정', '마산3', '진주3', '경남도의회', '농수산위', '백상원', '사천시', '비례대표', '마산']",0
"""더이상 살수가 없어요""
역겹고 매캐한 냄새 호흡곤란 병원치료
“쓰레기소각장 오염물질 날아와”민원제기
[光明] 광명시가 광명4거리 일대 주민들이 악취와 탁한 공기로 호흡곤란을 느끼며 밤잠을 설치는 등 1년여 동안 생활불편을 호소하고 있으나 원인을 파악하지 못해 주민불편이 계속되고 있다. 22일 주민들에 따르면 올 초부터 밤마다 숨을 제대로 쉴 수 없..","['주민들', '소각장', '쓰레기소각장', '오염물질', '광명', '호흡곤란', '환경오염', '학온동', '민원제기', 'siggie', '金奎植', '주택밀집지역', '정상수치', '경유냄새', '光明', '환경보전', '오염도', '차량이동', '시자원', '관계자', '광명시', '대기오염', '구릉지', '가정집', '환경보전종합계획', '측정기', '시민들', '오염측정기', '구름산', '주민불편', '동사무소', '주민', '원인', '오염', '대책', '불편', '일대', '냄새', '공기']",1
"수도권 지역은 교통혼잡비용이 연간 12조3천억원에 달하는 데다 그 비용이 매년 2조원 이상씩 늘고 있다.
 
 그러나 대부분은 토지수용비로 쓰이고 있기 때문에 도로건설은 폭증하는 교통수요를 따르지 못하고 있다.
 
 하지만 방치하고 있는 하천들을 준설.정비해 운하로 만들면 토지수용비가 들지 않을 뿐 아니라 운임면에서도 육운(陸運)의 3분의1 수준..","['경인운하', '경안운하', '수도권', '환적', '수용비', '토지수용비', '시화호', '한강', '안양천', '1조', '경제적', '총물동량', '공업지대', '굴포천', '한국', '시민단체들', '경제성', '서울', '총물', '안산', '하천부지', '부대사업', '투자자본', '내수창출', '갑문', '연안해운', '수익성', '대조적', '환경친화적', '방조제', '비상교통수단', '사고위험', '인천항', '내륙수운', '견인차', '운하건설', '해운', '환경오염', '보조기능', '국가경쟁력', '평화시', '행주대교']",1
"요즘 지하철역에는 시민들의 편의를 위해 자전거 보관대가 설치돼 있다.
 
 자전거를 많이 이용하면 환경오염도 줄일 수 있고, 운동도 될 뿐 아니라 교통사고도 줄어들 것이다.
 따라서 당국은 가급적 많은 국민들이 자동차 대신 자전거를 이용할 수 있도록 적극적으로 권장하고, 자전거 보관대에 대한 관리에 신경을 써야할 것이다.
 하지만 이에 대..","['관악구', '시민들', '보관대', '서울', '폐자전거', '사람들', '교통사고', '국민들', '지하철역', '그중', '유영현', '환경오염', '자동차', '장기간', '신림', '자전거들', '자전거', '이용', '당국', '자리', '일정', '기간', '관리', '시민', '소홀', '부족', '제도', '생각', '시행', '운동', '딱지', '사람', '관심', '국민', '방치', '구청', '요즘', '곤혹', '공간', '출퇴근', '신경', '운용']",0
"어떻게 하면 머리카락을 윤기있고 매끈하게 가꿀 수 있을까. 우선 중요한 것은 머리를 잘 감는 일이다.
 
이 때는 개인의 체질에 따라 두가지 점에서 주의해야 한다. 머리에 기름이 흐르고 비듬이 많은 것은 두피에 문제가 있기 때문이다.
 이 경우 댄드러프 등 치료용 샴푸를 사용한다. 샴푸가 두피에 충분히 작용할 수 있도록 적어도 5분 이상 두피를 눌..","['베드윈족', '사순이', '겨울철', '샴푸후', '컨디셔너', '해조류', '견과류', '피지분비', '비달', '혈액흐름', '중동', '사회활동', '도심지', '머릿결', '단백질', '환경오염', '1백', '모발건강', '볼륨감', '머리맵시', '모발손상', '샴프', '곱슬머리', '주성분', '목욕탕', '직사광선', '시간date', '머리카락', '머리', '모발', '두피', '사용']",0
"가축분뇨 자원화
'친환경' 기반구촉
정읍시. 지역특화사업추진
정읍시는 내년도 총 6억2천만원을 투입, 축산분뇨를 이용한 친환경농업기반구축사업을 지역특화사업으로 추진한다. 축산농가가 농촌경제에 큰기여를 하고있으나 축산폐수로 인한 환경오염이 심각한 지경에 이르러 지금까지는 가축분뇨 자원화 친환경농업사업은 톱밥을 이용한 분뇨처리법을 이용해 왔다. 이 방법은..","['액비', '가축분뇨', '정읍시', '친환경', '자원화', '톱밥', '2만', '관계자', '축산농가', '기반구촉', '구촉', '친환경농업사업', '가용화', '농산물', '처리효과', '미생물', '6억', '농지규모', '운영비', '200톤', '환경오염', '원예작물', '내년도', '축산폐수', '과수농가등', '축산분뇨', '구입난', '축산단지', '집단회', '지역특화사업추진', '집단화', '농가소득', '농촌경제', '지역특화사업', '6ha', '친환경농업기반구축사업', '양돈농가', '액포']",0
올해 전라북도에서 실시한 2000년도 시 군 종합행정평가에서 음식문화 개선 및 좋은 식단 실천추진사항 평가결과 남원시가 최우수기관으로 선정돼 보건복지부 장관 표창과 시상금 500만 원을 받는다.남원시는 음실물 쓰레기로 인한 자원낭비와 환경오염 방지를 위해 중점 추진 대상 업소 129개소에 대하여 책임담당공무원을 지정 정기적인 지도와 점검을 실시 관리하고..,"['남원시', '환경오염', '음식물쓰레기', '음식점', '시상금', '최우수기관', '종사자', '사업추진', '음식물', '공무원', '종합행정평가', '축산농가', '책임담당공무원', '가축사료', '고객감동', '시민들', '전라북도', '자원낭비', '129개소', '음실물']",0
"재활용품 분리배출을 보다 활성화하고 촉진시키기 위한 '환경사랑달력'이 나와 눈길을 끌고 있다.
제주시는 20일 A2용지 크기 한장속에 열두달을 함께 엮은 '2001년도 환경사랑달력' 9만매를 제작해 시민을 비롯 환경관련단체, 공공기관과학교 등 각 기관 단체에 배포했다.
'재활용품 분리배출은 환경오염을 예방하고 자원을 재활용하는 시민실천운동'이란 부제를 ..","['제주시', '배출요일', '해뜨기', '환경사랑달력', '멩이', '2차선', '컬러판', '상업지역', '재활용', '냉장고', '규격봉투', '시민실천운동', '대도로변', '주거지역', '공공기관과학교', '목요일', '환경오염', '폐기물', '활성화', '생활쓰레기', '환경관련단체', '환경달력', '9만', 'tv', '과학교', '배출', '환경', '달력', '지역', '쓰레기', '크기', '시민', '단체', '제작', '기관', '분리', '방법', '사랑', '가구']",0
"<김완묵> 다른 생물 및 인간에게는 피해를 전혀 끼치지 않고 유충 단계에서 모기를 원천적으로 박멸할 수 있는 생물적인 모기 살충제가 국내에서 처음으로 개발됐다. 성인제약(대표 정관훈)은 토양 미생물에서 추출한 BTI균을 특수발효해 전염병을 옮기는 모기유충(뇌염.말라리아. 사상충매개 모기)과 흑파리유충, 깔다구유충 등 흡혈성 또는 위생해충 만을 선택적으로..","['박토섹', '살충제', '모기유충', '알칼리성', '수서', '성인제약', '매경', '모기유', '수서생물', '유충단계', 'bti', '미생물', '늪지', '식탁소금', '특수발효', '위생해충', '정관훈', '환경오염', '흡혈성', '자연생태계', '비독', '양산', '경제성', '비호르몬제제', '모기약', '10이상', '전염병', '구유충', '비독성', '양산화', '세계보건기구', '모기성충', '흑파리', '뇌염', '흑파리유충', '주성분']",0
"경기도 여주군이 환경오염과 무분별한 개발로 새들의 서식처가 훼손되고 있다는 지적과 관련(본보 19일자 27면 보도), 2001년부터 백로왜가리 보호 병원을 설치하는 등 적극적인 조류보호 대책을 추진키로 했다.여주군은 22일 수년전부터 농약중독 등으로 죽어가는 백로왜가리가 늘어나고 있다며 내년부터 이들의 서식지인 북내면 신접리 인근 여강중학교에 백로왜가리..","['백로왜가리', '여주군', '여강중학교', '서식처', '신접리', '배설물', '마리', '철새들', '북내면', '학생들', '지원비', '수년', '자원보호활동', '무분별', '농약살포', '농약중독', '새들', '환경오염', '서식지', '약품지원비', '천연기념물', '경기도', '여주', '보호', '철새', '설치', '농약', '계획', '대책', '병원']",1
"창원시 분뇨처리장이 착공 22개 월만인 22일 준공돼 본격 가동에 들어갔다.
시 분뇨처리장은 광합성 미생물 을 활용한 고효율 산화법 분뇨처리장으로 1일 400t 을 처리할 수 있는 단일 규모로는 전국 최대다.
창원시가 137억원을 들여 창곡동 160번 일원 1만3천749㎡에 건립한 분뇨처리장은 지하 1층 지상 2층에 연면적 3천993㎡ 규모로 무인 자동..","['처리장', '분뇨처리장', '창곡동', '창원시', 'mg', '해양배', '30mg', '요구량', '방류수', '400t', '산화법', '준공식', '임시분뇨저류조', '분뇨저류조', '시청각교육실', '유기물', '계량대', '38mg', '체육시설', '시청각', '부유물질', '8mg']",1
"청주시, 전문가등 위원 14명 위촉 본격 활동업체기술지도 자문통해 적극적 환경행정 서비스 환경오염 저감효과 기대청주시는 날로 증가하고 있는 각 종 환경오염물질 배출업소에 대해 오염방지시설의 운영에 대한 교육과 자문능력을 갖춘 환경기술지원센터 를 설치 운영하기로 했다.시는 오염물질 배출업소의 대부분 이 영세성을 면치못해 시설관리에 있어 전문관리자의 미확보..","['환경오염', '종사자', '전문가', '청주시', '관리자', '배출업소', '환경오', '환경기', '오수처', '환경기술지원센터', '영세성', '전문관리자', '리시설', '숙등', '미확보', '관리업', '청주시관계자', '시설관리', '정상가동', '관계자', '8명', '기술지도', '자문활동', '자문통', '오염방지시설', '자문능력']",0
"美주둔지역지원 특별법 건의
【平澤】평택시의회는 21일 정례회에서 가칭 ‘미군 주둔지역지원 특별법’제정 건의문을 만장일치로 채택하고 이를 국회와 행자부 국방부등 관련부처에 전달키로 했다. 시의회는 건의문에서 관내에는 K-55와 K-6등 미군기지가 위치해 있어 기지주변주민들이 항공기소음 건축물고도제한 군용차량으로 인한 교통장애와 환경오염에 시달리고 있다고..","['미군', '특별법', '건의문', '주둔지역지원', '정례회', '불공정', '환경오염', '교통장애', '한미행정협정', '군용차량', '국방부', '국방부등', '도시발전저해', '행자부', '관련부처', '국가차원', '항공기', '기지주변주민들', '6등', '평택시의회', '시의회', '만장일치', '항공기소음', '기지주변', '지원대책', '平澤', '미군기지', '주민', '지원', '피해', '건의', '주둔', '가칭', '장애', '교통', '차량', '군용', '행정', '협정', '제한', '건축', '도시', '부처']",1
"東北亞 허브항 '용틀임'
평택항 개발 내년부터 본격화
4개선석 내년착공 “3년내 총10개 선석”
물류비 절감 국가경쟁력 향상 촉매
林지사 끈질긴 행보 정부예산 수혈 성공
평택항 개발이 내년부터 본격화된다. 경기도는 그동안 개발이 부진했던 평택항 부두개발사업을 촉진하기 위해 민자부두의 재정전환을 꾸준히 추진해온 결과 지난달 15일 동부두 3개선석의 ..","['평택항', '경기도', '내년도', '허브항', '본격화', '국가경쟁력', '지역경제', '중부권', '동부두', '활성화', '배후지', '경기도내', '준공식', '건설비', '서해대교', '그동안', '물류비', '수도권', '경쟁력', '국비지원']",0
"연말 교통 무질서 탈법 기승불구 눈치보기 급급
[唐津]최근 연말연시를 앞두고 이완된 사회분위기에 편승한 무질서와 탈법이 기승을 부리고 있지만 자치단체의 단속행정이 구호만 요란한 채 겉돌고 있어 비난여론이 대두되고 있다.
특히 단속행정을 담당하고 있는 일부 공직자들조차 극심한 눈치보기와 복지부동으로 일관하면서 각종 폐해가 잇따르고 있어 시급한 대책 마련이..","['단속행정', '당진읍', '무질서', '폐기물', '시가지', '합덕읍', '법규정', '金東玉', '사회분위기', '당진지역', '연말연시', '공사현장', '악순환', '무단방류', '당진', '唐津', '기동단속', '지역민', '비난여론', '환경오염', '주정차', '이면도로', '복지부동', '당진군', '자치단체', '치량', '공직자', '공직자들', '탈법행위', '부작용', '단속', '눈치', '도로', '기승', '탈법']",0
"▦소득세법 개정안 중산층과 서민의 세부담을 완화하기 위해 국민연금 등 각종 연금의 불입액에 대한 소득공제 제도를 인정하고, 4,500만원을 초과하는 근로소득도 5% 소득 공제토록 한다. 내년부터 실시될 서화와 골동품에 대한 과세를 3년간 유예한다.▦주민등록법 개정안 무인 민원발급기로 자신의 주민등록표 등ㆍ초본을 발급받을 수 있도록 하되, 부정한 방법으로..","['개정안', '수산물', '외국인', '농작물', '음식점', '5인', '가공품', '소득세법', '교통세법', '유전자', '가공단계별', '발급기', '보험료', '근로소득', '한국음식점', '납세자', '불입액', '상품성', '가입자']",0
"가축분뇨 거름활용 당부당진군【唐津】당진군은 가축분뇨(액비)를 농경지에 뿌려 분뇨로 인한 환경오염을 예방하고, 화학비료를 절감할 수 있도록 해줄 것을 당부하고 있다. 당진군 농업기술센터에 따르면 6개월이상 저장해 부숙시킨 액비를 토양검사를 통한 적정 사용량 처방을 받아 농경지에 뿌리면 안전한 거름으로 사용할 수 있다고 밝혔다.","['당진군', '가축분뇨', '액비', '농경지', '사용량', '당부당진군', '화학비료', '6개월', '부숙', '토양검사', '환경오염', '분료', '唐津', '당부', '거름', '분뇨', '가축', '적정', '활용', '화학', '저장', '센터', '예방', '비료', '토양', '검사', '농업', '처방', '절감', '안전', '사용']",0
2000여년 전 로마 영웅 시이저가 주사위는 던져졌다며 정적들을 치기 위해 건넜다는 강은 루비콘강이다. 로마와 갈리아의 경계가 됐던 이 강은 로마 장군들이 주둔군을 이끌고 수도로 들어올 수 없는 경계선이기도 했다. 루비콘강 북쪽의 다뉴브강은 루비콘경계선의 외곽 저지선이었다. 로마는 남하하는 게르만족을 저지하기 위해 다뉴브강을 건너는 것을 용인하지 않았다..,"['다뉴브강', '로마', '발원지', '흑해', '삼각주', '루마니아', '루비콘강', '알프스', '게르만족', '흑림', '주민들', '비엔나', '동유럽', '알텐마크', '강바닥', '도나우', '도나우비우스', 'ch', '인종청소', '스트라우스', '요한', '종교인종', '오스트리아', '다뉴브강이', '진원지', '전원국가', '야생동물들', '인류역사상', '로젠버그성당', '주둔군']",0
경인운하건설을 둘러싸고 인천시 부평구와 서구가 정반대의 입장을 보여 진통이 예상된다. 부평구의회는 21일 경인운하건설을 촉구하는 결의안을 채택하고 조기착공을 요구했다. 이에 반해 서구는 경인운하건설사업 전면 백지화를 요구하는 서구민 성명서를 발표하는 등 반발하고 나서 국책사업을 둘러싸고 자치단체간 첨예한 의견대립 양상을 보이고 있다. 부평구의회는 이날 ..,"['굴포천', '경인운하건설', '결의안', '운하건설', '서구민', '교통체증', '한강', '성명서', '부평구의회', '서해', '구의회', '조기착공', '경인운하', '수질오염', '서구의회', '정례회', '백지화', '주민생명', '불가능', '자연배수', '농경지', '환경오염', '혼잡비용', '국책사업', '장기간', '평가서']",0
"녹색연합(상임대표 박영신)은 지난 10년간 주한미군에 의해 발생한 환경오염 피해현황을 조사, 보고서를 발표했다. 자세한 내용은 다음과 같다. 
▼1990년 이후 현재 미군 환경오염사건 현황▼ 
지난 90년 이후 미군기지 환경오염별 현황을 보면 총 35건으로 유류 저장시설의 관리소홀과 송유관 부식으로 인한 기름오염사건이 15건(전체의 42.85%)으로 급..","['미군', '환경오염', '미군부대', '미군기지', '평택', '항공유', '송유관', '기름유출', '경기도', '건축폐기물', '한강', 'eagle', '원주', '대구', '군산', '대청호', '비행단']",1
"미국, 신성불가침의 존재! 아마 우리사회에 가장 큰 영향력을 미치는 집단이라는데 이의를 제기할 사람은 많지 않을 것이다. 우리가 좋든 싫든 미국의 관계속에서 우리의 생존을 논의할 수밖에 없는 현실에 대해 우리는 너무 익숙해져 있으며 별다른 문제제기가 필요치 않았다. 지금까지는... 
그러나 외환위기를 시작으로 한 우리의 경제위기와 변화하는 남북관계속에서..","['미국', '미군', '한국', '한미', 'sofa', '헤리티지재단', '한국민', '한강', '피해자', '전면개정', '허치슨', '케이', '장기간', '보좌관', '주한미군', '데이비드', '한미주둔군지위협정', '차승렬', '5만', '사람들', '국가공권력', '공권력', '미군속', '미군범죄', '환경범죄', '패권적', '이단자들', '약소국', '광주항쟁', '독일', '냉전체제속']",0
"어느날 갑자기 당신과 똑같은 사람이 나타난다면? 무척 황당할 것이다. 게다가 당신의 단란한 가정마저 빼앗는다면? 설상가상이다.
 23일 개봉하는 SF액션 '6번째 날' (로저 스포티스우드 감독)은 바로 그런 상황에서 출발한다.
 
 인간복제의 위험성은 예전에도 여러 차례 시도됐던 소재다. 멀게는 올더스 헉슬리의 소설 '멋진 신세계' 가, 가깝게..","['6번', '슈워제네거', '첨단과학', '블레이드', '로저', '인간복제', '승용차', '블록버스터', '할리우드', 'sf', '21세기', '박정호', '아놀드', '복제인간', '러너', '리들리', '메사', '윌리엄', '데이비드', '크로넨버그', '스콧', '특정인물', '벽걸이', '윤리성', '시의성']",0
"(파리=연합) 한국은 교통 부문을 중심으로 환경보호 정책을 효과적으로 추진하고있다고 경제협력개발기구(OECD)가 평가했다.OECD는 최근 발표한 `환경실행평가 보고서'에서 한국은 각종 차량에 대한 기술적 규제를 점차적으로 강화, 엄격한 유해가스 방출기준을 적용시키고 있으며 2000년에는 일본과 미국의 기준에 근접했다고 밝혔다.
보고서에 의하면 당국은 차..","['대중교통', '보고서', '한국', '자동차', 'oecd', '회원국', '경제적', '대체연료', '환경보호', '회원국들', '정책들', '대기오염', '대중교통수단', '승용차', '총생산', '천연가스', '국내총생산', '택시들', '부여', '일본', '보조금', '농업부문']",0
"한국은 교통 부문을 중심으로 환경보호 정책을효과적으로 추진하고있다고 경제협력개발기구(OECD)가 평가했다.OECD는 최근 발표한 `환경실행평가 보고서'에서 한국은 각종 차량에 대한 기술적 규제를 점차적으로 강화, 엄격한 유해가스 방출기준을 적용시키고 있으며 2000년에는 일본과 미국의 기준에 근접했다고 밝혔다.
보고서에 의하면 당국은 차량 점검을 집중적..","['대중교통', '보고서', '한국', '자동차', 'oecd', '회원국', '환경보호', '경제적', '대체연료', '회원국들', '정책들', '대기오염', '대중교통수단', '승용차', '총생산', '김은주', '천연가스', '국내총생산', '택시들', '부여', '일본', '보조금']",0
"*대북관 통일관통일문제에 대한 국민의식 조사 결과 국민의 대다수가 통일보다는 남북간 평화체제 구축을 당면과제로 생각하는 것으로 나타났다.
또 과반수가 북한이 환경오염이 적고 한민족의 전통이 잘 보존돼 있는 등 북한주민과 사회문화에 대해 상대적으로 호의적인 반면 북한체제에 대해서는 부정적 의식을 보이는 등 북한주민과 북한체제를 구분하는 경향이 뚜렷했다.
..","['응답자', '한국', '남한', '한민족', '미국', '한국인', '연세대', '북한주민', '지지도', '통일문제', '국적개념', '중국교포', '20세', '햇볕정책', '미국교포', '선호도', '일본', '경제적', '통일관', '사회학', '김호기', '대다수', '공용어', '경쟁력', '통일방안', '세계화']",0
"어린이를 키우는 전업주부 7명이 '식탁안전'을 주제로 한 '차라리 아이를 굶겨라－아이를 해치는 음식 39가지'란 책의 출판기념 및 토론회가 지난 7일 서울 대학로 흥사단 강단에서 있었다.저자들은 아이들을 보면서 조금이라도 더 안전한 것을 먹일 수 없을까 하는 생각에서 책을 냈다고 한다. 
 
18세기 산업혁명 이후 환경오염 문제는 인구,빈곤과 함께 인류..","['환경농업', '환경오염', '미국', '발암성', '농산물', '새들', '서울', '흥사단', '북극곰', '관심을', '농약개발', '병해충', '생산기술', '엽채류', '과채류', '자연환경', '토론회', '카슨', '성층권', '레이첼', '생산량', '기상이변', '음악농법', '저자들', '만성화', '식탁안전', '생태계', '먹이사슬', '대학로', '원예작물', '위험성']",0
환경관련 법규를 위반해 환경오염물질을 배출하는 행위가 여전한 것으로 나타났다.제주도는 지난 11월 한달동안 대기 수질 등 환경오염 우려가 있는 47개업소를 대상으로 환경오염물칠 배출여부를 점검한 결과 7개소를 적발해 개선명령과 영업정지 및 고발 조치를 취했다고 20일 밝혔다.위반내용을 보면 배출허용기준 초과가 5건으로 가장 많고 무허가 배출시설을 설치하..,"['환경오염물', '환경오염', '영업정지', '1건', '부적정', '제주도', '5건', '위반업소', '개선명령', '2개', '위반내용', '1070여만', '부과금', '고발조치', '배출부과금', '환경오염물질', '배출여부', '배출', '시설', '업소', '위반', '적발', '조치', '법규', '대기', '고발', '결과', '명령', '영업', '개선', '사례', '정지', '부과', '운영', '설치', '수질', '점검', '기준', '방지']",1
"24개소 적발 9개업소 고발조치금강상수원 주변의 수질오염 업소에 대한 합동단속에서 24개 업소가 적발됐으며 이 가운데 M 업소가 사직당국에 고발됐다.금강환경관리청은 대전지방검찰청 등 유관기관과 함께 금강 상수원 주변지역의 오 폐수 다량배출업소 및 상습위반업소, '식품접객업소 등 상수원 오염시설 1백65개 업소를 집중 단속을 실시했다.이 결과 환경오염 방..","['금강', '9개', '방류수', '환경오염', '사직당국', '남이면', '청원군', '과태료', '조립식', '70만', '개선명령', '대전지방검찰청', '관리청', '신탄진', '유관기관', '연기군', '금강환경', '폐수방지시설', '대덕구오정동산', '권수', '행정기관', '조업중지', '행정처분', '지하수', '고무호스', '사직', '수질오염행위', '다량배출업소', '금강환경관리청', '방지시설', '사후관리', '고발조치']",1
"옥골마을 미군부대 기름유출 조사 
민관합동협의회 구성해야
시민단체 지역정관계인사 
체계적 대응 복구 건의
인천시 연수구 옥련동 옥골마을 미군부대 저유시설 기름유출사건과 관련, 중앙정부와 인천시, 시민단체, 주민대책위 등으로 민관합동협의회를 구성해 체계적인 환경오염복구에 나서야 한다는 주장이 제기됐다. 인천녹색연합과 국회 환경노동위원회 이호웅(민주당o인..","['미군', '인천시', '환경부', '옥골마을', '민관합동협의회', '환경오염', '관계자', '이호웅', '기름유출사건', '주민들', '만큼', '건의서', '박인상', '문학산', '중앙정부', '시민단체', '車俊昊', '증빙서류', '민주당', '인천', '민주당o인천', '남동', '이명우', '위원회', '이명우시의원', '신뢰성', '시의원', '정밀토양실태조라', '통상부']",1
"차량 호적등 21개 업무 전국 동시 처리
새해 역점 추진시책 확정
충남도는 기존의 행정체제나 제도 관습, 문화 등 일체의 행정 프로세스를 再설계하여 시간 공간적 제약을 뛰어넘도록 하는 '디지털 道政'체제를 내년에 본격 출범키로 했다.
이를 위해 현재 진행중인 연구용역을 토대로 디지털 시대에 걸맞는 조직문화 형성, 인터넷과 지식정보 인프라 구축, 디지털 ..","['충남', '충남도', '경쟁력', '사무국', '꽃박람회', '1곳', '통신망', '道政', '공간적', '속도성', '李翊勳', '평등성', '휴게소']",0
"""환경신문고 노크하세요""당진환경오염 행위에 대한 주민 신고의식이 높아지면서 환경신문고 제도가 활성화되고 있다. 당진군에 따르면 환경신문고 제도를 운영하기 시작한 지난 97년부터 올해(96건)까지 접수된 신고건수가 201건에 이르고 있다. 내용별로는 환경오염물질l 배출업소가 71건으로 가장 많았으며, 비산먼지 40건, 축산폐수 및 오수 39건, 폐기물 3..","['환경오염', '환경오염사고', '당진군', '환경신문고', '폐기물', '唐津', '비산', '71건', '축산폐수', '내용별', '수질오염', '201건', '당진환경오염', '당진환경', '96건', '관계자', '불편사항', '활성화', '128번', '신고건수', '신문고', '千起寧', '신고', '제도', '오염', '접수', '환경', '오수', '각종', '주민', '사고', '먼지', '업소', '축산', '배출', '폐수', '대기', '시작', '불편', '진동', '처리']",0
"남해 금산(錦山)은 이름 그대로 '비단으로 휘장을 친 것'처럼 풍광이 수려한 산이다. 조선을 개국한 태조 이성계가 기도를 올려 영험을 얻었던 곳이기도 하다. 태조가 등극한 뒤 산 전체를 비단으로 휘감으려 했으나 할 수 없어 이름만이라도 '비단 금자'를 써서 붙였다는 전설이 내려올 정도다.더구나 누구에게나 한가지 소원은 꼭 들어준다는 산임에야, 산을 좋아..","['화장실', '사람들', '금산', '태조', '김현태', '보리암', '한려해상국립공원', '환경오염', '케이블카', '남해', '자연환경', '대우', '환경부', '남새밭', '탄신일', '경남도', '1만', '사무소', '모르쇠', '원어치', '뒤편', '비닐덮개', '주차장', '1억', '남해군', '신도들', '자연발효', '조선', '등산로', '석가탄신일', '길가', '볼멘', '이성계', '신도', '톱밥', '분기탱천', '부장대우', '금자']",0
"백내장은 동공의 바로 뒤에 있는 수정체가 부옇게 혼탁해지는 질환이다.세계보건기구(WHO)의 통계를 보면, 백내장으로 실명한 사람은 전세계적으로 1200만명에 이르고, 최근 들어 해마다 200만명씩 그 수가 늘고 있다.
보통 백내장은 일종의 눈의 노화로 일어나는 질환이다. 안과전문의들은 눈의 노화로 인해 60대 노인의 60%, 70대 노인의 70%, 80..","['수정체', '안압', '망막증', '당뇨병', '우각', '비문증', '폐쇄각', '유리체', '치료법', '부작용', '40대', '호르몬제', '시신경', '포도막염', '우리나라']",0
"겨울철 눈을 녹이는 데 주로 사용되는 염화칼슘의 부작용을 줄이기 위해 소금을 활용하자는 주장이 제기되고 있다. 
 염화칼슘 수용액은 어는점을 0℃ 이하로 낮춰 얼음 상태의 눈을 순식간에 녹게 만든다. 30% 염화칼슘 수용액의 경우 ―50℃까지 어는점을 낮춘다고 한다. 
 그러나 부식성이 강해 자동차나 콘크리트 속의 철근을 손상시키며 도로 주변의 쥐똥나무..","['염화칼슘', 'mdd', '제설제', '수용액', '캐나다', '일본', '겨울철', '환경오염', '우리나라', '쥐똥', '간선도로', '쥐똥나무', '국립연구위원회', '금속부식량', '어는점', '미국', '금속부식성', '160원', '위원회', '순식간', '순식', '부식성', '1mdd', '264원', '자동차', '시민들', '부식량', '독일', '서울시', '141원', '곤죽상태', '주택가', '부작용', '부식도']",1
"환경오염행위 특별단속
무주 환경담당 감사부서 합동
무주군은 환경시범단체로 거듭나기 위해 각종 환겅오염해위에 대한 특별단속을 펼치고 있다.지난 18일부터 오는 29일까지 실시하고 있는 이번 단속은 환경담당부서인 자연환경과와 감사부서 합동으로 4개반 12명으로 편성된 합동단속반이 관내 1백23개 업소를 대상으로 전면실시하고 있다.이번 특별단속 중점 내용은..","['특별단속', '환경오염', '감사부서', '환경오염행위', '무주군', '무주', '정상가동여부', '행정처분', '환겅', '전면실시', '배출시설', '대기보전법상', '불법처리행위', '폐기물', '고발조치', '해위', '합동단속반', '4개', '수질보전법', '위반사항', '자연환경과', '건설공사현장', '환경시범단체', '환경담당부서', '행위', '단속', '합동', '환경', '중점', '보전', '불법', '건설', '위반', '적발', '부서', '특별', '각종', '관내', '감사']",0
"물품판매고 좌우  '과대포장' 여전
환경호르몬등 악영향 인식전환 필요
(34)포장방법 개선
비닐 쇼핑백의 사용규제가 시행된지 2년이 다 돼가면서 이제는 일회용품 판매를 둘러싼 종업원과 손님간 다툼을 찾아볼수없다.미처 장바구니를 준비하지 못한 사람은 어떻게 해서든 포장지값을 줄이려 애쓰는것을 볼수있다.그러나 아직도 우리사회에서 과대포장의 문제가 항상 ..","['포장지', '일회용품', '과대포장', '환경호르몬', '물징', '악영향', '내용물', '유통업체', '포장방법', '인식전환', '장바구니', '생식기능', '비용전가', '종업원', '소비자', '어린이들', '유통업체들', '정작', '생산자', '주민들', '환경오염', '활용도', '쇼핑백', '제품생산자', '포장지값', '사용규제', '내분비', '장남감', '외간', '물품판', '판매고', '포장', '사용', '인식', '환경']",1
"당진군 올 128번 통해 96건 접수처리환경오염 행위에 대한 주민들의 신고의식이 높아지면서 환경 신문고 제도가 활성화되고 있다.당진군에 따르면 지난 97년 운영을 시작한 이래 올해 96건이 신고된 것을 비롯해 지금까지 모두 201건을 접수 처리했다.주요 신고 대상은 쓰레기 종량제봉투 미사용, 자동차배출가스 과다배출 등 경미한 것에서부터 대기오염물질 배출..","['환경오염', '96건', '환경오염사고', '당진군', '128번', '신문고', '폐기물', '환경담당부서', '주민들', '활성화', '축산폐수', '비산', '제봉투', '39건', '미사용', '수질오염', '당직실', '기건', '자동차', '관계자', '불편사항', '환경신문고제도', '신고의식', '내용별', '201건', '당진', '신고', '배출', '환경']",0
"부여군은 오는 2001년 4월까지 갈수기 환경오염 사고 우려 사업장에 대한 특별 점검을 실시한다.주 점검대상은 상수원 상류 공해배출사업장과 유류 다량 취급 사업장 및 유류 유출 우려사업장, 유독물 취급사업장 등 기타 사고가 우려되는 사업장으로 점검 결과에 따라 고질적 위법사항에 대해서는 강력한 행정 조치 후 언론에 공개할 계획이다.부여=고한준기자 hjk..","['사업장', '시상식', '갈수기', '환경오염', '부여군', '공해배출사업장', '우려사업장', '취급사업장', '부여', '점검대상', '점검', '유류', '사고', '상류', '상수원', '개최', '취급', '유출', '계획', '공개', '언론', '조치', '행정', '사항', '위법', '고질', '프로', '축구', '공해', '결과', '대상', '배출', '다량']",0
서산지역 예열차량 늘어 낭비 심각최근 날씨가 추워지면서 차량 예열을 위한 공회전 차량이 늘어나고 있어 에너지절약과 환경보전 차원에서 자동차 소유주들의 자제가 요구되고 있다.서산 시내 아파트 및 주택밀집 지역에서는 아침 출근 시 예열을 위하여 운전자 없이 시동이 켜진 차들이 자동차 주차대수의 10~20% 정도에 이르고 있으며 이들 차량들은 대개 10~2..,"['공회전', '자동차', '서산', '서산시', '승용차', '만큼', '에너지절약', '환경오염', '고유가시대', '이상공', '유해가스', '협의회', '관계자', '소유주', '생명운동', '평상시', '차들', '겨울철', '운전자', '차량들']",1
"<도쿄=전호림 특파원.고성훈>""히타치의 기술이 없었더라면 인간지놈 해독은 불가능했을지도 모른 다"" 지난 6월 인간 지놈을 완전히 해독했다고 선언한 미국 세렐라제 노믹스사 관계자는 지놈 해독에 사용한 고속유전자 해석장치의 심장부 에 일본 히타치제작소의 기술이 들어가 있다며 이같이 말했다.이 기술은 유전정보가 들어 있는 디옥시리보핵산(DNA)을 착색해서 염..","['일본', '유전자', '반도체', '자동차', '차세대', '미국', '히타치', '일본정부', '구미', '치료제', '하이브리드', '통산성', '도요타', '유전정보', '암호대', '지놈', '연구개발비', '개발비', '다카라주조', '일본산', '혼다']",0
"죽산농가에서 발생하는 가축분뇨를 단기간에 양질의 퇴비로 만드는데 결정적인 역할을 하는 미생물이 경남도농업 기술원 연구진에 의해 개발돼 가축분뇨 자원화에 새 전기가 마련될 것으로 기대된다.
경남도농업 기술원 이영한 박사팀은 지난 97년부터 환경오염원으로 많은 지적을 받고 있는 가축분뇨의 환경보존적인 처리방법과 이를 통한 영농활용방안 연구를 지속적으로 추진..","['미생물', '가축분뇨', '기술원', '축산분뇨', '연구진', '부숙', '섬유질', '수량증대', '이영한', '경남도', 'subtilis', '당도', '목질부분', '수질오염방지', '영농활용방안', '환경오염방지', '환경오염원', '환경오염', '정화처리', '처리방법', '죽산농가', '죽산', '농가소득증대', '축분퇴비', '5종', '암모니아가스', '멜론재배포장', '환경보전', '고품질', '결정적']",0
"김천시 봉산면 인의 예지리 등 4개 마을 주민 50여명은 19일 김천시의회에 몰려가 「봉산면에 골프장 건설을 반대한다」며 집행부에서 상정한 80여만평 시유지 임야보존 재산용도폐지만에 대한 심의를 중단해줄 것을 요구했다. 주민들은 봉산면에 건립예정인 48만 여평 규모의 27홀 골프장이 착공되면 산림훼손으로 인한 홍수피해와 물부족, 환경오염 등으로 고향을..","['골프장', '봉산면', '시유지', '김천시', '김천', '환경오염', '물부족', '홍수피해', '산림훼손', '80여만', '재산용도폐지만', '집행부', '건립예정', '주민들', '예지리', '의약품', '주민', '반대', '적발', '규모', '마을', '고향', '원내', '조제', '병원', '피해', '홍수', '폐지', '용도', '훼손', '심의', '재산', '약국']",0
무주군 특별단속무주군은 환경시범단체로 거듭나기 위해 환경오염행위에 대한 특별단속을 실시하고 있다. 지난 18일부터 오는 29일까지를 환경오염행위에 대한 특별단속기간으로 정하고 주야간 단속을 병행하고 있다. 이번 특별단속은 환경담당부서인 자연환경과와 감사 부서 합동으로 4개 반 12명으로 합동단속반을 구성하고 관내 업소를 대상으로 전면적 단속을 실시하고 ..,"['무주군', '환경오염행위', '4개', '특별단속', '환경오염', '자연환경과', '합동단속반', '환경시범단체', '주야간', '환경담당부서', '특별단속기간', '무주', '단속', '환경', '합동', '특별', '행위', '감사', '업소', '대상', '관내', '부서', '시범', '단체', '구성', '기간', '병행', '전면']",0
"청원군 농약 잔류검사 등 적합 판정,농산물의 환경오염문제를 해결하고 경쟁력 있는 농업의 육성을 위해 청원군이 추진한 친환경농업 직불제사업이 토양 검정' 및 농약잔류검사에 모두 적합 판정을 받는 등 좋은 결실을 거두고 있다. 청원군은 농업의 공익적 기능을 증대하기 위해 문의와 현도 등 2 개지역 7개 작목반 340농가의 벼 158ha와 과수 24ha 등 ..","['농산물', '청원군', '직불제', '원씩', '관리원', '청원', '치환성', '유효인산', '염농도', '유기물', '기록대장', '기술지도', '파종전', '사용량', '24ha', '182ha', '65만', '환경오염', '9천', '현도', '농협', '340농가', '정문섭', '158ha', '환경오염문제', '1가지', '농업기술센터', '보조금', '공익적', '사용기준치', '경쟁력', '적합판정', '최종검사결과', 'ha', '합격판정', '품질관리원', '측정항목', '농약잔류검사']",0
"각종 쓰레기 오물 유입 희귀어종 '질식'강원의 생태탐사⑬삼척 오십천 소한 천일대북방계 어종 연준모치 둑중개 분포 학계 관심 상류지역 버들개 참종개 등 다양하게 서식 골재 채취 도로공사 강유역 오염 심각삼척시민들의 젖줄인 오십천은 삼척시 도계읍 구사리 계곡에서 발원, 상덕천과 무릉천 군천 고천 내미로천을 앞서거니 뒤서거니 만나며 동해로 흘러드는 52.4..","['오염원', '상지대', '삼척시', '참종개', '탐사팀', '연준모치', '마평동', '하류지역', '버들개', '미유기', '종개', '원주지방환경관리청', '김효식', '강유역', '최준길', '채포', '발주처', '생태탐사']",1
청주환경련-기업체 환경안전협약 체결청주환경운동연합과 기업체가 지역의 환경오염 문제 등에 공동 대처하기 위해 힘을 모으기로 해 관심을 모으고 있다.청주환경련(대표 강상준 충북대 교수)은 19일 오전 10시 청주환경련 강당에서 쥐동화 (주)문화포장 산업 (주) 신주원(주) 카스맥주 (주)청주 도시가스 등 지역 5개 기업체 대표들과 청주지역의 환경보전과 사업..,"['청주환경련', '환경안전', '기업체', '40여', '청주', '사업장', '안전망', '환경경영', '충북대', '강상준', '카스맥주', '공단지역', '환경오염', '문화포장', '신주원', '주민들', '쥐동화', '청주환경운동', '지역사회', '청주지역', '민간안전망', '업체들']",0
"괴산군 청안면 동하주물공장내강 주물주조업체인 동하주물(대표 박상진 45)이 수백 톤의 지정폐기물을 수년 동안 공장내에 불법매립해온 것으로 알려져 충격을 주고 있다.문제의 업체는 지난 94년-괴산군 청안면 금신 57-3에 2천여평 규모의 주물주조업체로 설립돼, 가마솥, 연탄난로, 맨홀뚜껑 등 연간 7백여톤을 생산하고 있다.그러나 이 업체는 지난 97년부터..","['수년', '지정폐기물', '폐기물', '불법매립', '청안면', '주물주조업체', '괴산군', '수년간', '공장내', '환경오염', '훼손해', '괴산', '정병상', '연탄난로', '관계자', '감독기관', '맨홀뚜껑', '의구심', '가마솥', '2천', '제품공정', '주민들', '토양오염', '고발조치', '관계기관', '위법사실', '지도단속', '금신', '동하주물', '박상진', '동하', '공장부지', '불법행위', '폐주물사']",1
"불필요한 車공회전에너지 절약에 역행 【瑞山】날씨가 추워지면서 차량 예열을 위한 공회전 차량이 늘어나고 있어 에너지 절약과 환경보전 차원에서 규제를 가해야 한다는 여론이다. 최근 기온이 급강하하면서 아파트 및 주택 밀집지역에서는 출근시에 예열을 위해 운전자 없이 시동이 켜진 차량들이 자동차 주차대수의 10％가 넘고 있으며, 이들 차량은 10-20여분 공회..","['공회전', '자동차', '불필요', '유해가스', '환경오염', '출근시', '승합차', '정차시', '공회전시', '에너지절약운등', '瑞山', '운전자', '차량들', '운등', '공회전에너지', '승용차', '20여분', '文炯相', '예열', '차량', '역행', '절약', '차원', '시동', '날씨', '에너지', '주택', '트럭', '시대', '가량', '유해', '가스', '기온', '급강', '지역', '여론']",0
"무분별 골재채취 상수도 오염폐수배출 가동개시신고없이 작업 '말썽'옥천 청산 청성지역【沃川】옥천군 청산면 하서리 보청천 일대에서 골재를 채취하고 있는 방산토건(주)(대표 한양수)이 폐수배출시설설치 및 가동개시 신고를 하지 않은 채 골재를 채취, 말썽을 빚고 있다. 옥천군에 따르면 방산토건(주)은 지난달 17일부터 옥천군 청산면 하서리일대 3만7천592㎡농..","['가동개시신고', '방산토건', '청산면', '옥천군', '보청천', '관계자', '적발시', '폐수배출시설설치', '폐수배출시설', '하서리일대', '주민들', '경부', '수질환경', '업무소홀', '금강환경환리청', '환경오염방지대책', '청소인력', '중요시', '환경오염', '현지확인', '청소원', '許在九', '제14조', '청성지역', '비산', '한양수']",1
"바실루스 서브틸러스 국내 첫 개가
농가소득 증대 환경오염 방지 효과
도 농업기술원 이영한 박사팀
가축분뇨를 단기간에 퇴비로 만드는 미생물이 개발됐다. 경남도농업기술원 토양비료 담당 이영한 박사팀은 19일 축산농가의 분뇨를 퇴비화하는 과정에서 부숙을 촉진시키고 악취를 줄여주는 미생물 바실루스 서브털러스 (Bacillus Subtillis LYH210) 를..","['미생물', '바실루스', '박사팀', '이영한', '부숙', '목질부', '경남도농업기술원', '가축분뇨', '서브틸러스', '환경오염', '그동안', '가속화', '70도', '300종류', '털러스', 'bacillus', '당도', '가스발생', '2차', '미생물개발', '수량증대', '섬유분해효소', '기술원', '멜론재배', '이박사팀', '부숙기간', '축산분뇨', '퇴비화', '단기간']",0
"""지하수 수질검사 시에서 하면 안되나'
진주시의회 시정질문
진주시의회(의장 정순명)는 19일 제54회 정례회 2차 본회의를 열고 강주열의원 등 5명이 시정전반에 걸쳐 시정질문을 벌였다.
다음은 시정질문 요지.
주거환경개선 사업비 확보는
△강주열 의원(평거동)=진주시의 주거환경 개선사업 지구는 13개소 (1만2192㎡) 에 총사업비 661억6200만원(도..","['사업비', '지하수', '폐비닐', '방음벽', '진주시의회', '시정질문', '농산물', '정례회', '진주시', '기계화', '녹지공간', '개거', '폐공비용', '수질검사', '호탄동', '용배수', '생활환경', '대분', '경계석', '시제품', '보도블록', '경작로']",0
"마틴루터 킹이 노예 해방을 위해 연설한 ""나에게도 꿈이 있다""라는 말을 나는 좋아한다.나이에 따라 여건에 따라 꿈의 생각이 달랐지만 요사이는 두 가지의 구체적인 꿈을 마음속에 그리고 있다. 그 하나는 하나님이 주신 육체를 깨끗한 환경에서 잘 보존해서 살다가, 또 하나는 위엄있게 편안하게 좋은 시점에서 죽는 꿈이다. 후자의 꿈은 많은 사람의 예를 봐서 내..","['국왕', '하나님', '루벤스', '우리나라', '양산', '런던', '올드파', '양주', '하비', '들깻잎', '152세', '찰스', '고무신', '122세', '네덜란드', '글라디올러스', '선조들', '알팔라', '마틴루터', '일본', '물빛', '미국', '특별마차', '천연수', '나팔꽃', '선진국', '산업사회', '수실', '80세', '대기오염', '월리엄', '산유국']",0
" ""히타치의 기술이 없었더라면 인간지놈 해독은 불가능했을지도 모른 다"" 지난 6월 인간 지놈을 완전히 해독했다고 선언한 미국 세렐라제 노믹스사 관계자는 지놈 해독에 사용한 고속유전자 해석장치의 심장부 에 일본 히타치제작소의 기술이 들어가 있다며 이같이 말했다.이 기술은 유전정보가 들어 있는 디옥시리보핵산(DNA)을 착색해서 염기 배열을 가려내는 것으로 ..","['일본', '유전자', '반도체', '자동차', '차세대', '미국', '히타치', '일본정부', '구미', '지놈', '치료제', '하이브리드', '통산성', '도요타', '암호대', '연구개발비', '개발비', '다카라주조', '일본산', '혼다', '유전정보']",0
경기동부권 10개 시군이 쓰레기소각장 등 혐오시설 설치를 반대하는 님비현상을 극복하기 위해 폐기물을 공동처리하거나 기피시설을 지역마다 한 개씩 골고루 설치하는 핌피(Please in my front yard) 방식을 추진하고 나서 결과에 관심이 쏠리고 있다.경기동부권 시장 군수협의회(회장 손영채.하남시장)는 각 시군에서 운영중인 소각시설의 여유용량을 활..,"['협의회', '광역화', '시군', '핌피', '폐기물', '환경오염', '소각시설', '하남', '광주', '전문가', '성남', '양평', '소각장', '쓰레기소각장', '운영중', 'front', '효율성', '손영채', '님비', '이천', '군의원', '음식물쓰레기처리시설']",0
"국민 대다수가 통일보다는 남북간 평화체제 구축이 시급한 문제라고 생각하는 것으로 나타났다. 또 과반수가 북한이 환경오염이 적고 한민족의 전통이 잘 보존돼 있는 등 북한주민과 사회문화에 대해 상대적으로 호의적인 것으로 조사됐다.현대리서치연구소가 연세대 사회학과 김호기교수, 미국 UCLA 신기욱교수의 의뢰로 전국 20세 이상 남녀 1000명을 대상으로 실시..","['남한', '북한주민', '지지도', '연세대', '햇볕정책', '응답자', '대다수', '한민족', '미국', '주민간', '환경오염', '대구경북', '광주전라지역', '영호남', '당위성', '부산경남', '광주전라', '영호남간', '신기욱교수', '남북문제', '신기욱', '상대적', '여론조사', '김호기', '사회학', '김호기교수', '현대리서치', '사회문화', '특별세금', '현대리서치연구소', '특별지원', '적화통일', '과반수', '평화구축', '북한체제']",0
"3년전 IMF 위기를 겪은 후,국민들의 교양과 상식은 부쩍 높아졌다.
누구나 '시장실패'와 '정부실패'라는 개념에 익숙해졌고,'도덕적 해이'나 BIS비율도 친숙한 일상용어가 됐다.
제2경제위기가 체감되고 있는 요즈음 '시장실패'보다 '정부의 실패'가 더 현저하게 느껴지는 것은 무슨 까닭인가.
정부는 그동안 '정부의 실패'보다는 '정부의 성공'을 자부..","['이기주의', '경호원', '가신그룹', '정치학', '공공재', '서울대', '시장실패', '국민들', '도덕성', '행위자', '정부실패', '친숙', '일상용어', '교육투자', '복지프로그램', '현격', '제2경제', '목격자', '지역편중인사', '만점자', '양산', '도마위', '희생물', '정책실패', '범죄자', '뺑소니차', '위정자', '사례들', '시험출제자들', 'imf', '출제자', '식상', '6백만', '폭력배', '골목길', '수능시험', '정권담당자들']",0
범죄신고등 6종류만 해당 미아찾기 등 25종 발신자 부담신고 의식 정착'걸림돌'국번없이 사용되는 발신자부담 공익성 전화 가운데 시민들의 자발적인 신고와 재해구호등 공공성이 강한 공익서비스 전화에 대한 무료화가 이뤄져야 한다는 지적이다.현재 인명과 재산의 위험 신고전화와 재해구호 전화등 국번 없이 공익목적으로 운영되는 전화는 112범죄신고 전화를 비롯해 ..,"['발신자', '신고등', '미아', '무료화', '18종류', '6종류', '공공성', '시민들', '통화료', '188감사', '1301학교', '환경오염', '가출인', '120생활', '112범죄', '전화운영기관', '31종류', '공익목적', '부안', '전화', '신고', '종류', '공익', '민원', '무료', '부담', '국번', '정착', '의식', '시민']",0
청주지법 원고 승소판결 청주시 거액손배 불가피청주시가 청주장례식장이 제기한 장례식장 영업 및 요금신고 반려처분 취소청구소송에서 패해 거액의 손해 배상을 부담할 위기에 처하게 됐다.청주지법 행정합의부(재판장 허근녕부장판사)는 18일 청주장례식장(대표 김영출 42)이 청주시를 상대로 제기한 장례식장 영업 및 요금신고 반려처분 취소 청구소송에서 『원고에 대한..,"['청주시', '장례식장', '청주', '청주장례식장', '연건평', '환경오염', '청주지법', '율량동', '충북도', '손해배상', '허근녕', '허근녕부장판사', '재판장', '공익침해', '판결문', '신동헌', '10억', '가정의례', '재판부', '교통방해', '주차시설도구가정의례', '행정합의부', '가능성']",0
"에너지 절감기기 전문업체인 (주)삼원코렉스는 최근 기계내부와 배관속 부식을 막아주는 부식방지기 ‘AIR-SEP’(사진)를 개발, 제주 대학을 비롯해 농협 한국중공업 부산은행에 납품하는 등 본격적인 시장확대에 나섰다.
 이 기기는 냉난방기 및 배관내부의 부식을 방지하며 끼어 있는 녹도 제거함으로서 열효율을 극대화해 에너지 절약 및 환경오염을 예방하고 장비..","['삼원코렉스', '냉난방기', '방지기', '부산은행', '한국중공업', '농협', '시장확대', '진공상태', '제주', '불순물', '환경오염', '극대화', '열효율', '녹도', '전문업체', '배관내부', '기계내부', '배관속', '부식', '에너지', '기기', '배관', '내부', '제거', '기계', '침전', '납품', '본격적', '대학', '효과', '각종', '회사', '진공', '가스', '시장', '연장', '예방', '산소', '상태', '설명']",0
"녹색소비자연, 유기농산물 구입 그린쇼핑 등
맞벌이부부 위한 현명한 장보기 지침서 펴내
결혼 2년째인 맞벌이부부 유형일(32 가명 개인사업)씨와 김지현(28 회사원)씨는 일주일에 한번 근처의 대형 할인매장에서 간단한 먹거리와 생필품을 구입한다. 대형할인 매장을 이용하면 쇼핑이 편리할 뿐만 아니라 저렴한 가격에 좋은 상품을 구입할 수 있기 때문이다.
최근에..","['녹색소비자연대', '지침서', '맞벌이', '맞벌이부부', '장보기', '소비자', '장바구니', '자료실', '유기농산물', '유형일', '그린쇼핑', '홈페이지', '김선아', '유전자', '경제적', '할인매장', '녹색쇼핑지침서', '냉장고', '김지현', '10만', '어패류', '세탁세제', '개인사업']",0
"경기동부권 10개 시군이 쓰레기소각장 등 기피 공익시설 설치를 반대하는 님비현상 타개책으로 폐기물을 공동처리하거나 기피시설을 지역마다 한 곳씩 골고루 설치하는 핌피(Please in my front yard)방식 추진에 나서 주목되고 있다. 경기동부권 시장 군수협의회(회장 손영채 하남시장)는 각 시군에서 운영중인 소각시설의 여유용량을 활용, 인근 시군의..","['시군', '협의회', '광역화', '폐기물', '핌피', '환경오염', '소각시설', '쓰레기소각장', '폐기물처리시설', '소각장', '하남', '광주', '400t', '님비현상', '타개책', '매립장', '성남', '양평', '100t', '님비', '전문가']",0
"국도를 따라 경기도 안성시 고삼면으로 접어들면 길가에 '생명, 흙'이라는 글자가 새겨진 커다란 돌비석이 선 마당이 나온다. 이곳이 환경농업 실천 공동체를 통해 농촌경제를 되살리려 노력하는 고삼농협이다. 전체 조합원수 600여명. 규모로 치면 보잘것없다. 1200~1300명 규모의 다른 농협의 절반 규모다. 작물도 벼와 축산이 전부다. 고소득이 가능한 특..","['고삼농협', '농협', '조합장', '조합원', '환경농업', '고삼면', '농산물', '농민들', '벼멸구', '공동체', '서울대', '안성시', '농협중앙회', '개포성당', '오리농법', '오리쌀', '소비자', '안성', '조합원들', '협동조합', '고삼', '경기도', '일반쌀']",0
"환경친화기업 사이의 원활한 정보교류 및 대국민홍보 활동을 위한 ""환경친화기업 정보 네트워크""가 구성된다.
환경부는 환경친화 기업들이 21세기 정보화시대에 능동적으로 대처할 수 있도록 전국의 5개 지역 협의체를 하나로 묶어 정보 네트워크(www.efriendly.co.kr)를 구성키로 했다고 18일 밝혔다.
환경부는 이달 중으로 세부 운영방침을 확정한..","['환경친화기업', '환경부', '네트워크', '중소기업', '협의체', '환경오염', '정보교류', '원료조달', '사후처리', '선진국', '생산공정', '생산과정', '환경영향', '회원사들', '전시회', '회원사', '제품설계', '벤치마킹', '대국민', '중소기업들', '환경개선', '활성화', '동호회', '1백']",0
"< 사장 : 장기형 >
대우전자가 지난 8월 시장에 선보인 공기방울세탁기 ""살균에서 표백까지(모델명 DWF-100CV)""는 공기방울을 이용해 세탁물의 살균과 표백을 해주는 제품이다.
공기방울이 이온발생기와 특수촉매를 통과하면서 발생되는 순백이온이 강력한 산화력을 발휘,의류의 오염을 제거하도록 설계됐다.
이 제품은 지난달 80억원의 매출을 기록하며 ..","['세탁기', '대우전자', '세탁물', '소비자', '순백이온', '사용량', '표백제', '1백', '공기방울', '옷감', '대우', '대우측', '기술상', '유아잡지', '여성지', '신혼부부', '점자조작판', '신혼부부층', '조작판', '장애인', '피부질환', '맞벌이', '한국', '환경오염', '사이사', '12종', '특수촉매', '본래색', '환경보호', '분해력', '관계자']",0
"= 휴식시설용지 17만평 3개로 나눠 =<이택수>경기도 자유로변에 120만평 규모로 조성중인 통일동산에서 처음으로 필지 분할매각이 이뤄진다.한국토지공사() 는 오는 20일 오전 통일동산 휴식시설부지 17만7000평을 예정가격 1642억원에 입찰매각한 뒤 낙찰자가 없을 경우 이날 오후 6만6000평씩 3개 필지로 가분할해 재입찰할 예정이다.
토지공사는 1..","['통일동산', '휴식시설용지', '유치원', '박종천', '3개', '17만', '매경', '입찰매각', '실시계획', '부대시설', '선착순', '낙찰자', '수의계약', '환경오염', '토지공사', '교통부', '120만', '자유로변', '위험물', '골프장', '투전기', '건설교통부', '경기도', '60여만', '통일부', '용역결과', '6만', '주차장', '땅매입수요', '조성중', '위화감']",0
자연과 인간이 공존할 수 있는 생태도시는 요원한 꿈인가.급속도로 발전하는 과학문명과 도시의 거대한 팽창으로 도시인들은 인간의 가장 기본적인 교통 수단인 보행권을 박탈당하거나 맑은 공기를 비롯한 자연의 수많은 혜택을 누리고 있지 못하는 등 주거환경에 심각한 위협을 받고 있다.지난 15일 상무지구 신청사로 이전한 KBS 광주 방송총국은 19일 오후 7시35..,"['광주', '폐선부지', '신청사', '베를린', 'kbs', '쥐트갤랜데', '레스터', '영국', '친환경도시', '도시인들', '경전선', '도시인', '철도역', '400여종', '500여종', '염색공업', '보행권', '식물들', '세계인들', '과학문명', '모범적', '세계인', '탈바꿈', '환경오염', '통독', '하노버', '생태도시', '그레이트센', '주거환경', '비텐']",0
"광주시 광산구가 쓰레기 불법투기행위 신고에 따른 보상금제도까지 실시하고 있으나 시민들의 쓰레기 불법투기는 여전한 것으로 나타나 시행 6년째를 맞고 있는 쓰레기 증량제에 대한 개선이 시급한 것으로 지적되고 있다.18일 광산구에 따르면, 올 들어 11월말 현재까지 쓰레기 불법투기로 적발된 건수는 188건(과태료 부과액이 1천60만원)으로 지난 한 해 동안의..","['광산구', '보상금', '188건', '종량제', '1천', '광주시', '과태료', '주민들', '보상금제도', '만큼', '수시변경', '인식부족', '홍보활동', '광산편접', '홍보부족', '단속위주', '부과액', '재활용', '환경오염', '농촌환경', '근본취지', '강화를', '76건', '주요인', '시민들', '160만', '수거방식']",1
"새마을운동 함양군지회(지회장 김해석)는 16일 함양중학교 실내체육관앞에서 헌옷수집경진대회를 열어 휴천면이 2t을 수거 1위를 차지했다.
지회는 자원재활용으로 국가경제에 기여하고 환경오염에 대한 주민의 인식제고로 지역환경을 지키고 가꾸기 위해 헌옷 수집경진대회를 실시, 함양읍을 포함한 11개 읍 면에서 12t의 헌옷을 수거해 300만원의 기금을 조성했다.","['함양군', '휴천면', '함양중학교', '1위', '환경오염', '인식제고', '지역환경', '국가경제', '체육관', '옷수집경진대회', '300만', '김해석', '함양읍', '실내체육관앞', '12t', '지회장', '2t', '휴천', '게시판', '수거', '지회', '수집', '대회', '경진', '기금', '주민', '기여', '경제', '인식', '국가', '지역', '활용', '포함', '마을', '환경', '실내', '자원', '운동', '차지', '조성']",0
"바다에서 벌어지는 범죄중 생계형으로 분류되는 수산업법 위반사범은 올 한해동안 지난해에 비해 크게 감소했지만 강력범죄와 환경오염범죄는 큰 폭으로 증가한 것으로 나타났다.부산해양경찰서는 올 한해 동안 취급한 해상범죄사건은 지난해보다 9.8% 감소한4천8백74건으로 모두 1천8백74명을 검거해 57명을 구속, 나머지는 불구속했다고 16일 밝혔다.이 가운데 생..","['환경오염', '수산업법', '1천', '환경오염범죄', '어선들', '범죄인', '단속활동', '어장축소', '불구속', '해동안', '밀입국', '부산해경', '절도사건', '바다환경오염', '부산해양경찰서', '77건', '어업협정', '74건', '해상범죄사건', '해양환경오염사건', '4천', '해상강', '282건', '위반사건', '어획량', '범죄', '사건', '감소', '증가', '해상', '생계', '바다', '포기', '어선', '출어', '위반', '활동', '단속', '구속', '나머지']",0
우리의 먹거리에 비상이 걸렸다. 주위에 널려있는 먹거리를 마음대로 먹을 수 있는 시대는 이제 과거의 기억 속에서만 존재한다. 가속화하고 있는 환경오염이 우리의 먹거리를 빼앗아가고 있기 때문이다. 여기다 우리의 식량자급률은 30%선에 머물러 대부분의 먹거리를 수입에 의존하고 있다.최근 식품의 안전성 확보가 사회적 과제로 부각되고 있는 것은 이같은 이유에서..,"['부산', '생협', '농산물', '공동체', '직거래', '친환경농산물', '조합원', '해운대생활협동조합', '원광생협', '식량자급률', '안전성', '농림부', '설립동의자', '출자금', '판매장', '환경오염', '준비위', '유기농산물', '부산교구본부', '우리나라', '부산생활협동조합', '원불교', '원불교회관', '시민운동', '부산대']",1
"제주시 범도민회 주민 워크숍 개최""재활용 극대화 위한 환경의식 확보 중요""내년부터 본격 추진생태도시의 거점인 '녹색아파트' 조성을 위해 시민들이 나섰다.제주시와 제주범도민회가 공동으로 마련한 '녹색아파트, 주민 손으로 만들자'워크숍이 16일 오후 2시 제주시 근로청소년복지회관에서 열렸다.이날 워크숍은 '2000아파트 시민학교'의 후속 행사로 시민학교 참..","['제주시', '사무처장', '시민학교', '녹색아파트', '염씨', '범도민회', '재활용', '염태영', '염태영씨', '주민들', '관계자', '녹지대', '독서모임', '구성원', '20여명', '관리자', '자체모임', '시민들', '에너지절약', '지방의제21', '활성화', '참가자', '협의회', '수원환경운동센터', '현장워크숍', '환경오염', '실천방안', '어머니모임', '제주범도민회', '극대화', '자연환경', '복지관']",0
축산페수로 인한 환경오염이 심화되고 있는 가운데 정읍시가 축산분뇨를 이용한 친환경농업 기반구축사업을 지역특화 사업으로 추진하고 있어 축산농가 경쟁력 향상에 큰 도움을 줄 것으로 기대된다.특히 가축분뇨 자원화 친환경농업사업은 톱밥을 이용한 분뇨처리법보다 시설 및 운영비가 저렴하고 처리효과도 높은 것으로 검증돼 최근 톱밥 구입난으로 어려움이 가중되고 있는 ..,"['정읍시', '액비', '가축분뇨', '환경오염', '톱밥', '경쟁력', '2천', '친환경농업사업', '축산분뇨', '축산업계', '축산업', '농지규모', '운영비', '집단화', '6ha', '액비살포차량', '구입난', '처리효과', '액비저장탱크', '처리법', '지역특화사업', '기반구축', '액포', '페수', '분뇨처리법', '축산페수', '정읍', '분뇨']",1
"환경안전관리대책 마련
[楊平] 양평군은 겨울철 환경오염예방과 안전사고 방지를 위해 오는 2001년 2월말까지 '동절기 환경안전관리대책'을 마련, 추진키로 했다.
군이 추진하고 있는 환경안전관리대책은 환경관리과에 상황실을 설치운영하며 유해물질 저장탱크 등 주요시설에 대한 동파방지대책, 갈수기 수질오염사고 예방대책강화, 환경오염사고 취약시설 관리강화, 방..","['갈수기', '환경오염', '환경안전관리대책', '겨울철', '관리강화', '동절기', '설치운영', '상황실', '주요시설', '양평군', '동파방지대책', '예방대책강화', '관리과', '楊平', '안전사고', '환경관리과', '대책', '환경', '마련', '시설', '방지', '사고', '강화', '예방', '관리', '확보', '추진', '유해', '운영', '물질', '설치', '저장', '탱크', '장비', '방재', '수질', '동파', '오염', '취약']",0
"환경친화기업 사이의 원활한 정보교류 및 대 국민홍보 활동을 위한 `환경친화기업 정보 네트워크""가 구성된다. 환경부는 환경친화기업들이 21세기 정보화시대에 능동적으로 대처할 수 있도록 전국의 5개 지역 협의체를 하나로 묶어 정보 네트워크(www.efriendly.co.kr)를 구성키로 했다고 17일 밝혔다. 환경부는 이달 중 세부 운영방침을 확정한 뒤 내..","['환경친화기업', '환경부', '네트워크', '중소기업', '동호회', '환경신기술', '정보교류', '환경오염', '환경신', '원료조달', '사후처리', '승인을', '환경영향', '생산공정', '생산과정', '회원사들', '회원사', '협의체', '전시회', '제품설계', '벤치마킹', '중소기업들', '활성화', '선진국', '환경교육', '환경친화기업들']",0
"환경친화 제설제 'ALCAO'개발「제설사업」기존 염화칼슘비해 결빙방지 효과 우수옥천군내 한 업체가 환경오염을 줄이면서도 효과가 뛰어난제설제를 개발해 눈길을 끌고 있다. 옥천군 근서면 사정리(주)한국제설산업(대표 김기범)이 개발한「ALCAO」가 바로 그것, 이 제설제는 기존의 염화칼슘을 살포할 경우 2-3시간 정도 지나면 다시 얼어 붙는 단점을 보완, 눈..","['제설제', '염화칼슘', '석회석', '김기범', 'alcao', '캐나다', '근서면', '옥천군', '6개국', '우수옥천군내', '경오염', '염소이온', '해외시장개척', '노력끝', '지부장', '100만', '북아무역공사', '공장설립기술제휴', '소량함유', '10정도', '날정도', '중부발명가협회', '논바닥', '충청', '공장설립', '사정리', '염화칼슘비', '국제특허', '유해원소', '자동차', '부작용', '환경오염', '우수옥천군', '한국제설산업', '미국', '농촌지역', '제설사업', '제설제개발']",0
축산폐수 배출시설 불법행위 특별단속【洪城】 홍성군은 축산폐수 등으로 인한 주변 환경오염을 사전에 예방하기 위해 지난 7일부터 무기한으로 축산폐수배출시설에 대한 특별단속을 실시 한다. 군은 연말연시를 기하여 축산폐수를 적정하게 처리하지 않아 주변 환경오염이 발생될 것으로 우려됨에 따라 3개반 6명으로 특별단속반을 편성해 단속을 실시한다. 이번 특별단속에..,"['축산폐수', '특별단속', '불법행위', '환경오염', '액비', '농경지', '설치허가', '행정조치', '3개', '신고사항', '의거고발', '6명', '무기한', '이행여부', '특별단속반', '무단투기행위', '관련법', '축산폐수배출시설', '洪城', '홍성군', '저장액비화', '연말연시', '姜大植', '행위', '단속', '축산', '시설', '폐수', '불법', '사항', '저장', '특별', '예방', '주변', '방류', '방침', '고발', '퇴비', '상황']",1
"### 전문가 지상토론 ###방사성폐기물 처분장 건설에 대한 전문가의 해법을 지상토론 형식으로 싣는다. 두 전문가가 서로에게 다섯가지 질문을 하고 이를 토대로 견해를 피력하는 방식을 취했다. 질문 내용을 함께 싣는다.
### 송명재 실장에게 보낸 질문 / 대만.미국 핵발전소 폐쇄추세...포기의향은? ###
-에너지 사정이 우리와 비슷한 대만 정부는 지난..","['핵폐기물', '처분장', '방사성', '원자력', '핵폐기장', '미국', '핵발전', '한전', '전문가', '폐기물', '중저준위', '핵발전소', '방사선', '우리나라', '대만', '스웨덴', '핵연료', '방사선량', '김혜정', '환경오염']",0
공익성이 강한 전화는 각 정부 기관과 연결해 국번 없이 세 자리나 네 자리 숫자를 눌러서 사용한다. 이들 특수전화는 긴급 공익서비스 생활정보 등 32종인데 이 가운데 무료전화는 범죄신고(112) 간첩신고(113) 사이버테러신고(118) 화재신고(119) 밀수사범신고(125) 마약사범신고(127) 등 6종 뿐이다.나머지 청소년유해사범신고 아동학대신고 환경..,"['수도고장', '구포', '구포3파', '북부경찰', '부산', '엄윤정', '미아가출신고', '활성화', '미아', '특수전화', '부정불량식품신고', '주민생활', '전기고장', '공익전화', '생활정보', '32종', '화를', '환경오염', '사이버테러신고', '공익성', '6종', '마약사범신고', '신고활동', '밀수사범신고', '범죄신고', '화재신고', '간첩신고', '무료화를', '아동학', '신고', '전화', '생활', '공익', '사범', '무료', '긴급', '서비스', '나머지', '자리', '소리', '경찰', '북부', '고장', '활성']",0
리모델링 인기 앵커:골조가 멀쩡한 오래된 아파트를 헐어 버리기에는 너무 아깝는 생각에 재건축에 반대하는 분도 많습니다.이럴 때는 리모델링으로 개조를 하면 새집처럼 바꾸면서 비용도 절약할 수 있습니다.고주룡 기자입니다.기자:지난 80년 주택공사가 지은 경기도 오산의 외인 임?毓팎컷?는 리모델링이 한창입니다.콘크리트 골조는 그대로 두고 나머지 배관이나 내부..,"['공사비', '고주룡', '주택공사', '상업은행', '환경오염', '폐기물', '오산', '48가구', '일본', '40억', '새집', '경기도', '안전진단', '재건축', '내부장식', '19억', '현대식', '건축비', '팎컷', '사무실', '골조공사', '재활용', '리모델링', '골조', '건물', '정도', '아파트', '인터뷰', '사용', '공사', '내부', '경과', '콘크리트', '본점']",0
